Ime,Priimek,Naslov,Mesto,TRR,Uporabnisko_ime,Geslo
Sutherlan,Hammill,91 Eagan Trail,Fundão,SI81 4040 9374 1700 560,shammill0,bxyxeBP
Morley,Tallowin,8 Walton Crossing,Dębica,GI20 NPRO H7IE BX8M AMKV WTI,mtallowin1,Y4ONP0
Joel,Pinchen,43968 Transport Center,Maroanging,MC41 6577 6716 62CH O2PN GEUI U47,jpinchen2,EGmL6HB
Baxy,Bard,77 Dahle Center,Saatlı,LV50 SZVC J7LR WBE2 OQVS G,bbard3,CDVdgrGps
Gerome,Alvarez,4 Dunning Park,Jimaguayú,MU55 FFKI 4936 1972 3311 1536 838V LO,galvarez4,Jf7AXU
Clemmie,Fishburn,764 Armistice Hill,Bombardopolis,AL56 6277 7593 QQV6 NXHM X9IH QXIQ,cfishburn5,dqK1Z5h2
Wittie,Chillcot,886 Glendale Hill,Na'ale,ES03 1913 2260 1943 1144 3426,wchillcot6,J7mGqx
Adamo,Skippon,497 Kensington Lane,Kladruby,FI97 7872 1599 4364 47,askippon7,CLh1lhR
Dominic,Fetter,20345 Glacier Hill Park,Hamada,FR57 3454 1571 07GV O0R6 KMPW V01,dfetter8,2lZzV8ga3
Coop,Kollasch,16665 Cherokee Parkway,Ongandjera,NL91 PGJM 7284 1857 61,ckollasch9,gHAzURj
Shermy,Chalkly,5193 Evergreen Road,Antsohimbondrona,LB07 8069 8AV6 0SXX XYVV URRJ F54R,schalklya,Ef2NUYXU
Bradford,Brehault,41321 Grasskamp Plaza,Charlotte,GL22 0700 9862 6378 71,bbrehaultb,TLSk1SpxXya
Bo,Varrow,87531 Norway Maple Point,Puunage,FR22 6829 1746 98QR XEUU VAQL 213,bvarrowc,G5Zp2g
Stillmann,Silliman,8 Ramsey Junction,Jijia,KW88 DHWO 2OR4 FBSH OCKQ UEDM YAJQ QG,ssillimand,WFmcC7cQfhFh
Claybourne,Goldes,84381 Hazelcrest Court,Al Burayqah,GL50 6937 0227 5486 37,cgoldese,KBfNh8
Culver,Castillo,07 Holy Cross Crossing,Duping,GR59 3517 657X NNEO WPER PDSJ TV2,ccastillof,FjSxUwrH
Hewett,Ethington,35722 Carioca Crossing,Kamifukuoka,AE20 0783 8356 1257 1935 164,hethingtong,JRq9s5
Frederico,Lafflina,5 Barnett Road,Irahuan,FR61 8501 1653 91HR GVEK LKDR M53,flafflinah,hTL1OaMXg4O
Sollie,Clubley,65038 Jenifer Way,Shreveport,GE05 OC79 4656 9793 3566 69,sclubleyi,yGh11aOPmi6
Friedrich,Seeler,96 Anniversary Park,Pa Sang,LB86 8370 N5UO E5LZ CIJJ PWMT F9AW,fseelerj,EOFZahZxiScQ
Carlos,Hurley,74 Daystar Plaza,Brusyliv,PL82 9542 9608 9084 1963 7852 5919,churleyk,05GCHYb
Chaddie,Seiler,46261 La Follette Plaza,Pasiripis,SE80 2949 1912 2430 6704 8157,cseilerl,IFmEKW6o
Rik,Orpen,49810 Shasta Street,Phon Charoen,FR27 7105 5049 12C8 75O3 CWMO O03,rorpenm,oeHic5
Fran,Yearby,7143 Garrison Point,Furudate,GI07 SGRY Z8AE YFLA YSVG 0MV,fyearbyn,CPOTO3k5wyY
Rolfe,McGaugey,90363 Roth Junction,Saint-Jouan-des-Guérets,FR59 1138 4882 31SR QMT8 AZLM 707,rmcgaugeyo,X4mNE5v
Howey,Kingsnode,5337 Oriole Pass,Dallas,MU58 CVUA 0779 9828 2496 4557 131W LW,hkingsnodep,9ERBqS
Torrin,Smeal,28965 Mifflin Avenue,Sirnarasa,PL69 9319 6042 5458 6456 0119 2739,tsmealq,n3RlDj3U0
Gard,Outhwaite,99503 Grover Drive,Buenavista,BR39 9200 0974 4246 8957 3319 125P I,gouthwaiter,QgjWJGHvB9
Kirby,Fosdick,84 Loomis Junction,Kulykiv,DE72 6441 4751 5306 6638 77,kfosdicks,VxEXhBUpHrIF
Wake,Konmann,8099 Messerschmidt Hill,Dresden,DE23 4373 2121 1236 9225 25,wkonmannt,jzmdmG
Gray,Lidington,1 Thompson Terrace,Frederiksberg,DK44 4390 1168 9293 02,glidingtonu,zNW2iRstAzHy
Benedict,Jeffries,86 Ronald Regan Parkway,Sundsvall,KW42 BQSU 5WJW WF4N DUME N7JG WCMY EL,bjeffriesv,WhHSmDfS5n
Sydney,Raecroft,10 Cambridge Hill,Farrokh Shahr,ES33 6827 0694 9348 6986 1985,sraecroftw,kS1AX3u3tTE
Ichabod,Armitt,50281 Mcbride Hill,Longxi,CZ03 3873 7326 1296 4093 7789,iarmittx,Xnvx4c
Jarib,Kellart,59 Lindbergh Center,Hiratsuka,PL03 4802 6481 6222 9453 7156 3773,jkellarty,X03VFhRHz6SP
Cornelius,Finnemore,743 Fulton Park,Yŏnggwang-ŭp,PL72 0636 4423 1223 8915 0148 5436,cfinnemorez,lLxqqnU
Iggie,Buzza,10 Graceland Plaza,Nanhe,HR78 0788 6484 8803 0183 9,ibuzza10,QBCAIEAz
Hobey,Bennough,67923 Southridge Avenue,Bafatá,FR35 1653 1511 637W 7NMJ 7TSR 896,hbennough11,GpegyVp
Heath,Paradin,01394 Macpherson Lane,Nova Varoš,EE29 0383 9687 6946 1415,hparadin12,iajeRP
De witt,Macilhench,7 Brentwood Terrace,Lupon,FR38 0911 1940 92M0 JENO NSN4 993,dmacilhench13,EcBZKvp
Rourke,Escala,15 Swallow Way,João Câmara,AE29 1178 4783 0771 2043 905,rescala14,QSlTfTQTrJNi
Sigismund,Antosik,38863 Center Circle,Chom Bueng,PK79 XFBS OED9 SE0B TUKW X9BI,santosik15,MhXjGrzB
Lorenzo,Elflain,1 Sherman Place,Bratislava,GR78 9222 890X ASN1 29DL RXHC QC1,lelflain16,0IEoCI2eZJ
Windham,Hudghton,34325 Canary Lane,Gomunice,GI84 WJBJ R5LW IB1A GLHJ V7V,whudghton17,1QUZFkjLo
Bowie,Meriott,9 Trailsway Junction,Lápas,FO38 7289 2393 1302 28,bmeriott18,ANk4kMxj
Trey,Greedy,1750 1st Terrace,Candelária,PS85 LYDC XDAT WRHF CEY4 6PEY 2UQT D,tgreedy19,C5dRgH
Pierce,Nicely,65 International Street,Bukomansimbi,PL29 8199 0552 8765 2018 3990 2985,pnicely1a,oK9bFDoWu
Dexter,Ilott,60113 Westridge Drive,Shaami-Yurt,PL79 2940 7804 3235 4231 6798 0583,dilott1b,yzyQt1
Gustave,MacKeig,7 Graedel Avenue,Bokino,LV69 RMUW XZTY HDTE 5QRS S,gmackeig1c,dvu3jMM5RrjZ
Thorin,Edelman,96202 Hagan Circle,Lidingö,FR26 8273 8082 31NB FERO SSJE X67,tedelman1d,hK6gTcl19EM
Port,Verlander,52 Hallows Circle,Pangkalan Kasai,LT43 4205 7163 3805 5039,pverlander1e,iF6Yct7L2K
Olvan,Nasey,434 Northridge Center,Le Havre,DO71 LHNS 6950 7010 8375 3207 9729,onasey1f,4KATa3E7IeO
Alisander,Cowen,40 Talmadge Crossing,Shenavan,LT09 1984 3896 6381 0117,acowen1g,ezv9iBur1iJW
Ruperto,Maccaig,63506 Morningstar Circle,Višnjićevo,RS83 2175 2356 5252 7458 97,rmaccaig1h,FMLAGB0
Moore,Liepmann,38 Elka Parkway,Dubrovnik,NL81 XRJQ 4846 9510 26,mliepmann1i,kd25OY0KWE1
Ted,Casaccio,499 Barby Plaza,Chenqing,SE58 9254 9544 5736 7307 2088,tcasaccio1j,rpTI5S1KCWP
Christophe,Pierton,326 Hoepker Street,Arendal,FR85 9629 2889 30TG NKSS ZDHV D37,cpierton1k,tlu1fpphz1
Amerigo,Reggio,76 Sycamore Trail,Banjar Dauhmargi,PS96 CWQC KXGL BQSF ZABG QOIG HAJW R,areggio1l,Q1keAu
Silvester,Dade,5 Roxbury Circle,Messina,DO89 RNHJ 0081 2319 2908 8881 5726,sdade1m,ZqEfwJMbb
Filmore,Bruckmann,55 Crescent Oaks Road,Yanxi,CR54 7486 5233 4303 1229 4,fbruckmann1n,2YSEH3vi
Obadias,Sloane,34 Manley Drive,Lazaro Cardenas,SK10 0012 9943 8080 1273 0696,osloane1o,hGVQGT9F42
Karlan,Scoines,3556 Mcguire Junction,Dongjiahe,MT25 THPS 4874 9ZB3 HLUH PVLQ OKCB RAW,kscoines1p,nJH7cDFlHwh
Gottfried,Blaxter,252 Golf Lane,Głuchów,BR71 0662 1013 5207 5270 6115 165S U,gblaxter1q,wKFnDWTAP
Nickey,Swait,4100 Scott Court,Rozsypne,HU98 4322 1291 3451 7844 7524 4848,nswait1r,OyW0GWX7
Jackson,Glasper,51 Gina Court,Padasuka,FR28 7037 5130 61VS 2DYG ZTQ7 J59,jglasper1s,KobQ9SWx
Heall,O'Fergus,0574 Acker Road,Anggana,NL34 SHSW 8563 3465 30,hofergus1t,Yw8pHOVH
Kenyon,Chesshyre,1 Brentwood Avenue,Rodatychi,GB77 FIQO 1400 7672 7213 69,kchesshyre1u,xfojV23Kry
Harvey,Stodhart,92061 Laurel Road,Ranong,EE22 0138 8406 0286 7160,hstodhart1v,PVne318Ld
Ulises,Rimes,98 Florence Point,Zawiya,NL03 ETLJ 9560 2846 25,urimes1w,htTRwxbNLPSN
Baxie,Turone,6116 Union Terrace,Yong’an,SE02 2193 4531 2852 2172 1929,bturone1x,reB0Y5SzFGC
Gay,Delahunty,457 Logan Place,Taihe Chengguanzhen,PK86 KDOD VCGC DQIR L84J XKQO,gdelahunty1y,yQMUJknuj
Alejandro,Clyburn,5 Summerview Avenue,Sobral,GL34 9018 3941 0795 40,aclyburn1z,zcyEzo3CKH3
Damian,Svanini,1189 Ramsey Parkway,Lianhe,IL68 6980 2758 6951 2600 799,dsvanini20,hWzExcqnoL
Vincents,Balden,634 Gulseth Terrace,Meilin,MK33 399S RVBS BUIY S59,vbalden21,5Nukl7F
Gerhardt,Amsden,4 Red Cloud Parkway,Phan Rang-Tháp Chàm,AD22 8173 0336 KB5X JL0F TTU4,gamsden22,Hw8STIcJhfz
Cyrille,Plett,825 Tennessee Lane,Benito Juarez,BA03 3589 8493 6781 1206,cplett23,MKUJdCKta
Ramsey,Cordingly,0752 Moulton Hill,Ishqoshim,LV28 STYX UZN9 GC0K V2RF 1,rcordingly24,zXz2DSlIXUUz
Robby,Zorener,16425 Raven Circle,Phonphisai,SK31 0916 7577 6817 5348 2874,rzorener25,2egR4Qj4IoN
Marve,Haston,496 Kenwood Terrace,Novovladykino,BG55 XVMT 6925 00PQ 3QLD WN,mhaston26,NxoJq5
Homere,Stive,45 Northport Junction,Goris,KW23 ZBNN YUVL BX2U ZOXC FVIA JF47 Q4,hstive27,QrhBCvwU1I6y
Rudolph,Zecchinii,81 Laurel Terrace,Hoçisht,SK49 5665 3574 7275 7699 6369,rzecchinii28,5jY9kt
Hyman,De Freitas,7413 Stang Alley,Bolkhov,FR53 0109 8362 55XS MBKB PSIT K11,hdefreitas29,ndE87G
Sergeant,Tregenza,02078 Manley Plaza,Calheta de Nesquim,BA52 3524 2606 2052 2480,stregenza2a,AyEzp2B0Wy
Park,Summersett,035 Menomonie Terrace,Dinan,ES07 3262 9224 1398 2366 9250,psummersett2b,svH6xRS6ypF
Humphrey,Reinger,309 Jay Alley,Baykonyr,MD60 IVL9 ZAEB EKA3 0RJC L5JW,hreinger2c,B23kUqIKttFt
Tracey,Roseman,097 Amoth Hill,Boevange-sur-Attert,IS92 6438 0092 3609 6255 2348 35,troseman2d,P88zz2vR4
Dennison,Tommasi,963 Fieldstone Hill,Anjō,SM81 U725 5332 330C 8PAC AQKV SUP,dtommasi2e,pb4CbuMIXf1F
Orton,Koschek,6 Fulton Plaza,Morelos,FR45 1727 2167 30UH FGY2 ZZCL F43,okoschek2f,FAhpTBBW9sk
Evelyn,Badger,71442 Sloan Plaza,Quinta,KW42 RUJV TZ9N XB6V R0ZB SXMT HZPA IK,ebadger2g,1mFKsN7
Kilian,Fairbairn,4 Utah Point,Zaječar,IL64 8887 6072 4544 4602 018,kfairbairn2h,CV1NYP2b3h3
Abbie,Paternoster,24 Havey Way,Chengxiang,BG27 YKHN 9808 37KR EERU 7U,apaternoster2i,zV6HzC89aU
Prentiss,Addyman,13556 Shopko Court,Kagoro,GB49 FGVD 9567 5106 6905 71,paddyman2j,3MTul0Ejp
Kalvin,Hoult,5453 Donald Park,Conchopata,LU95 484C EIBY ASKC ZUVX,khoult2k,mjA4G6mrZE1P
Sidney,Vigietti,25173 Melby Crossing,Sundsvall,FR59 0553 5211 21C5 TJHK 8QXS B78,svigietti2l,R5gu9CkPg6q
Michale,Garriock,68 Morning Alley,Shumyachi,PK11 SMZQ FPY3 MINR LRUX 1PZE,mgarriock2m,08M1ch
Milt,McLugaish,469 Cascade Lane,Lagoa,PK96 TFNO HSLP ZJ1M W6EC JJQQ,mmclugaish2n,eukOMtis93
Conny,Mathevet,68535 Crest Line Parkway,Tétouan,IT48 Y359 0185 4514 K8VB OYYC W2U,cmathevet2o,EX8JO9LXQ4E
Bartram,Kirk,7 2nd Parkway,Kubang,ME05 9175 0612 1688 9461 93,bkirk2p,2sE0wdvE0kn
Emmy,Ingreda,74 Jay Drive,Chilly-Mazarin,PL19 1469 9595 1388 0353 4045 6911,eingreda2q,DMiCLhJl
Ash,Grishakov,91633 Florence Terrace,Zhugentan,BE71 1256 0042 9518,agrishakov2r,2FSYZbsR4GZF
Marcus,Spraging,761 Hooker Drive,Al Buq‘ah,MU86 LPRQ 7670 9511 3467 9885 490K MK,mspraging2s,oAbjvfMAnArD
Dimitry,Mullenger,7 Straubel Lane,Матејче,GI76 PADQ CTDX MF3E AZGF D8S,dmullenger2t,hv8zyJv8
Max,Raffeorty,71678 Lakewood Gardens Lane,Düsseldorf,PS40 RTTK HV9L NF4Z QWHL N71Z OD92 U,mraffeorty2u,tnIDqr1Ejzpu
Mortimer,Lanktree,6 Weeping Birch Lane,Kalde Panga,FR86 6091 0124 87MI PCDH GTAQ K94,mlanktree2v,uPtmcX1sHj5
Alic,Allsopp,33 Merry Pass,Huishi,VG48 IWFX 3204 7226 1754 4816,aallsopp2w,1ZSvcVxY
Adrian,Le Fevre,4 Ronald Regan Pass,São José do Egito,MD09 NAYW VHKC 4ZKY CP5U BKP9,alefevre2x,yAG2PWzUcmpb
Ring,Jesse,73 Chinook Way,Unión de Reyes,LI83 7781 9B9D T18Z YONY 2,rjesse2y,0KLGw6Wld
Eugenius,Emlen,0982 Ryan Terrace,Straldzha,MR70 1913 8190 2570 3458 0487 700,eemlen2z,AWjvfH
Caldwell,Attrill,07075 Swallow Trail,Broumov,GB80 PHKS 8851 8196 7740 13,cattrill30,zoJm1lx
Feodor,Hryniewicz,3 Luster Center,Bāzārak,CZ71 1458 6579 5233 3537 4397,fhryniewicz31,8LQ3lOupvUz
Forest,Mewburn,6 Emmet Court,Praia do Ribatejo,BG52 CWYW 4103 27CZ 2QJA EB,fmewburn32,dC1aobfrIwg
Teador,Mobley,4628 Laurel Lane,Putrajaya,BG76 FUFY 5730 67MU BNU9 9Y,tmobley33,NK6lp74QxjE
Gale,Gelsthorpe,55 Russell Drive,Odiongan,BH06 WDVX 7QL4 MAZX UXTC EM,ggelsthorpe34,nu7n9LuVnV
Chrisse,Draxford,21 Morrow Court,Dahua,FR70 4424 4018 435Y DJSZ KEZX Z62,cdraxford35,j04J2TwaI
Patric,Westraw,5 Oakridge Way,Les Coteaux,FI59 2021 5459 0334 39,pwestraw36,vDRtltHF6C
Ogdon,Sket,6377 Jay Point,Koshki,TN47 8447 1937 9159 3275 5292,osket37,YRPavyj15lwW
Thorin,Bernadzki,47384 Mifflin Avenue,Cullalabo del Sur,DE40 1254 3603 5746 8151 50,tbernadzki38,1zOxDMJ0iq
Walsh,McClunaghan,53285 International Parkway,Sarāb,LI38 4152 5XRJ DVPG 0F3J B,wmcclunaghan39,YlMgTlhyFo
Rockie,McCambrois,126 Reindahl Parkway,Capelinha,GE71 DM39 9897 7765 3227 47,rmccambrois3a,zAX21BEU
Teodoro,Edelheid,1 Bunker Hill Center,Senglea,MD53 ZIOR SJMC YNYH UND1 MFUY,tedelheid3b,kWYO2pwuL0K
Boonie,Benninger,537 Commercial Drive,Boulogne-Billancourt,FO34 4464 0316 4886 37,bbenninger3c,5ZBioFa3g
Wolf,Fairbeard,443 Trailsway Terrace,Myhove,FI20 2853 0828 7052 60,wfairbeard3d,6GT0KOU
Eli,Shorie,138 Ramsey Drive,Vodňany,FR67 3128 5787 67M2 69HN JH3L T61,eshorie3e,z2ofTNyC
Gay,Mariault,1450 Glacier Hill Avenue,Pudong,GE67 WW81 6187 1626 5326 44,gmariault3f,75RjhS6ea6
Osbourne,Moseley,05329 Cherokee Hill,Alcácer do Sal,IE07 JXNZ 0785 2097 1309 87,omoseley3g,Dg8nqYN8
Lowrance,Ranaghan,145 International Point,Lille,FR31 0222 9445 114M ALX3 7AT2 U11,lranaghan3h,nOlmCbUsvd
Blane,Ladel,831 Graedel Road,Kabar Utara,NL92 JOZN 2599 5986 51,bladel3i,yom3s3K
Clive,Collinwood,154 Northridge Court,Santana de Parnaíba,MU24 XFPU 2368 5388 6712 3447 638K QN,ccollinwood3j,MHDMd8
Ernesto,Hammond,722 Melby Drive,Brampton,CZ96 5357 6303 6964 0218 3326,ehammond3k,Qq3ih7
Seth,Skocroft,2275 Ramsey Point,Dziergowice,MK35 528S MXLQ B1PK 811,sskocroft3l,DjCqpFPLHl0U
Haroun,Lambillion,04373 Moose Plaza,San Benito,PS45 SHAF KJMN SJLG U8ZF QC0Y KRX1 X,hlambillion3m,rH4b84YeS
Domingo,Hadaway,52188 Toban Crossing,Mevo horon,GE41 PF49 3496 7088 7468 80,dhadaway3n,1Apij2YN
Kerby,Mueller,35 Del Mar Way,Takahashi,FR92 6776 2053 94TZ NH2Y EJJB H59,kmueller3o,JLqfiS5B87
Hunt,Coldbath,85004 Oak Lane,Jaraguá do Sul,TN20 5056 0810 4316 7738 6014,hcoldbath3p,PGclLqCUFnMv
Baxy,Yakubov,7180 Everett Avenue,Zelenogorsk,VG47 ZICO 2674 9380 3372 2315,byakubov3q,FKv0e7tS6hT
Tommie,O'Cannon,2 Scoville Center,Hullo,GI25 FBMW NCMX JADF KWMR 5RR,tocannon3r,aOzKrFM
Thacher,Gjerde,66 Everett Lane,Selishche,ES15 1906 2650 5044 0157 0157,tgjerde3s,yhOA0jmt89R4
Griff,Pfeffel,35093 Montana Lane,Pedreira,AZ67 KIZO 3IRE 9DUG 9HVD LMF3 MVCF,gpfeffel3t,01gqSLU
Justin,Faber,97731 Merry Lane,Gelin,FR44 8124 4253 415V 1VT3 UQ4M P10,jfaber3u,9N8P0k6IeavG
Derby,Ourtic,860 Russell Way,Mijiang,AE17 5887 8542 0233 7663 154,dourtic3v,7x1bg3rh
Dal,Thickpenny,6198 Westport Pass,Gamut,MD47 UMEM QODP UTSI IWPS ANA1,dthickpenny3w,iFDVquz0fhS
Miltie,Lambourne,23 Manitowish Pass,Ciranca Satu,GI19 KJKW 8CW9 CHSX EYPN DAE,mlambourne3x,IbNKO5be4
Rance,Hazeldine,98 Trailsway Street,Tallahassee,DK12 4107 6042 3784 60,rhazeldine3y,TajJbk
Roberto,Bellord,480 Wayridge Alley,San Luis,FR48 5367 7594 70SD LFW0 EKFF H47,rbellord3z,TbiSVt
Truman,Iiannoni,1174 Lawn Lane,Amboasary,LB24 1704 YZ15 Z4II JQDF 1ZWE KRMO,tiiannoni40,0fB69Bc9U
Panchito,Duddell,65 Ridge Oak Avenue,Ibabang Tayuman,GB09 CCCV 4555 8225 8883 85,pduddell41,PeAMKJUK2qQ
Bryant,Chattington,46 Bellgrove Terrace,Ariguaní,FR13 7516 9765 75GJ PD8E IVXF P69,bchattington42,oiFPba
Kilian,Dowears,8 Lake View Point,Aparecida do Taboado,FI49 2887 7905 0626 89,kdowears43,K0xUZx0tez
Llewellyn,Loverock,0 Tony Terrace,Mainz,GT67 JELV YWX1 0LFL QLZG LRWL 0XMB,lloverock44,1TKBZzq57
Giovanni,Fullerlove,510 American Ash Court,El Pino,CR30 5679 6926 3369 4692 9,gfullerlove45,yzkpMA
Ermanno,Lowndes,9116 Carioca Street,Bagahanlad,MR98 0811 4948 5870 1796 6481 625,elowndes46,h2uZGyK
Morse,Bartoletti,1 Grasskamp Crossing,Jinhu,SI25 7208 7079 0414 654,mbartoletti47,yXNYx4rj5r
Steward,Geere,023 Stang Lane,Tsumeb,BG12 HNAN 9199 45GQ IKWK EF,sgeere48,KkGNue11
Borden,Pavelin,91 Macpherson Parkway,Bimbo,CZ33 5181 5855 9235 6483 8120,bpavelin49,JXvVI4
Jule,Machan,9053 Autumn Leaf Circle,Manzil Bū Zalafah,SA95 71YZ 4US6 D4UO GCOQ 5VXN,jmachan4a,p5yyKOk
Ludovico,Vedeniktov,00 Walton Circle,Cimişlia,RO97 RUFT SWSS OQJR NA05 FNYR,lvedeniktov4b,5uVEhWhTCM
Sigismondo,Sans,11 Crescent Oaks Crossing,Curibaya,BH53 JCWG HZQW JSPV Q1RH NZ,ssans4c,Jehlcf6YYsS
Reginald,Mushart,7 Mosinee Point,Cauto Cristo,AD63 5633 7881 PTJF ELSR FFI7,rmushart4d,lzb7JCwKdCDW
Stearne,Ogle,6 Duke Park,Yuefeng,FR80 9909 5537 26OY I3QQ Q5NA W84,sogle4e,OO04I9YbJ
Nikolos,Humberston,316 Banding Center,Novoye Devyatkino,BG33 LOIL 7367 7356 THGB YE,nhumberston4f,FZoQJro
Jasen,Whal,429 North Parkway,Turochak,LU10 947I KIC0 XHW4 XGTZ,jwhal4g,UrfIbeSPb
Axel,Brandenburg,6388 Tomscot Point,Kolsh,TR78 8394 4XXO D7FV YQOS ODAE 6F,abrandenburg4h,7wdtMsrdp3
Gaspard,Welsh,8 Village Lane,La Estancia,IL40 2360 5325 9197 8905 743,gwelsh4i,PH8A1mLhTx
Wilbur,Vowden,970 Schurz Avenue,Chunjiang,RO81 ANXX TO7I QPJY 7L8B GT9W,wvowden4j,y9wL64AcOwu2
Isac,Gallant,33766 Hermina Street,San Juan Bautista,PK97 HQKY WFN9 K3T4 WXH6 RZXL,igallant4k,Et1ynHUKWR
Conrade,Crookston,8984 Buell Point,Tiegai,BG47 WBFB 3184 87AR ZR8R 97,ccrookston4l,RWJS2295yhr6
Rickey,Geyton,65708 Darwin Crossing,Al Ḩazm,GR40 6132 868M AUM3 OVMI DM7S MF8,rgeyton4m,3QMT8zrY7
Briant,Tuffield,1103 Dennis Parkway,Sumbergebang,ME84 6023 7021 1120 4950 59,btuffield4n,7VnRjDQJ0g
Dwight,Amiss,0153 Grasskamp Alley,Nueve de Julio,MD24 KKZW HF88 VVJS S4EK SM1D,damiss4o,hucAENJSvtRr
Marlow,Cankett,98 Golf Point,Dahuangwei,BE35 2486 4269 1115,mcankett4p,tGMSjq5U
Forster,De Laci,51 Fieldstone Center,Biaoxi,CR11 5414 2724 1464 6108 1,fdelaci4q,sjXS4SM
Hebert,Stannis,40191 La Follette Point,Kastav,IS03 5914 7876 3082 9862 9030 09,hstannis4r,OwoBhM
Cam,Iredale,35 Grim Plaza,Dzaoudzi,GE31 RC22 2085 6971 1133 76,ciredale4s,RB39zY3UtFCK
Bing,Chazerand,994 Warbler Plaza,Thị Trấn Nga Sơn,AZ30 NIKE OKDE VVPE COLP QFSO FKUM,bchazerand4t,WALB2i
Ernestus,Doding,18 4th Center,Yasynuvata,FR28 6221 6739 850S ACGG OLAG M98,edoding4u,ZsoqrRyM
Boyce,Karpeev,9 Kim Crossing,Mölndal,GB52 DXIG 8543 6954 3463 09,bkarpeev4v,mYASByLpb
Peter,M'cowis,9 Pawling Hill,Nart,FR42 7882 9612 71XC RCYT XJRR N83,pmcowis4w,CC2Vy7TiW05
Hardy,Eates,01186 Pawling Pass,Pataypampa,SA70 50OT 0TEO SFBJ 7CGW D1NU,heates4x,D8Mlo970y
Nicolis,Weathers,56 Sycamore Street,Białobrzegi,DK37 1420 0910 4806 21,nweathers4y,HX3XdjXKCJ
Alfred,Paeckmeyer,4 Larry Center,Muang Pakxan,SI98 2956 6819 2907 490,apaeckmeyer4z,He4VZi3v
Brodie,Bisset,91 Hintze Plaza,Vallehermoso,DO43 VO4Y 0857 7123 5213 2435 5771,bbisset50,RN2qqG4
Fonz,Caspell,602 Spaight Drive,San Miguel Chicaj,AZ81 CKZJ QVBX VL8Z 3PIU QTVO 4HI9,fcaspell51,CYQ9X3QxYu
Elvis,Mulvany,81735 Debs Avenue,Hispania,BR97 7636 1670 6049 8969 2815 000F A,emulvany52,t4xEs69kGVu
Bob,Hammerton,3 Jenna Pass,Pustomyty,FR20 0857 6324 87RT 4EFI RFQQ V50,bhammerton53,S0zB0CYl
Neville,Proctor,19128 Monterey Pass,Molo,DK14 8956 4294 6312 12,nproctor54,NFiFyhda7YzV
Sander,Kiddy,1215 Crowley Parkway,Samaro,FR51 2332 6860 93OS TWNE VAN0 L64,skiddy55,XqVOHpoi
Vladamir,Dobble,595 Rockefeller Circle,Lucaya,CZ46 7420 8461 3528 1896 2534,vdobble56,URJAXIF
Lucio,Liversley,04 Kinsman Crossing,Yuxi,FR41 1262 0777 29XY ENXQ 9TKD T09,lliversley57,Hmp2FEM
Yorke,Lundon,588 Rockefeller Place,Guinabsan,IE32 WKBU 1799 1441 6330 86,ylundon58,l27RGB1vdX
Norby,Orton,14803 Schlimgen Alley,Frederiksberg,PT57 8511 7701 3886 0292 2750 9,norton59,uwi8P1
Farlie,Park,77212 2nd Plaza,Quebo,SM66 B969 8208 555O CO0Z XC2S TDY,fpark5a,EMBzo7
Yul,Le Grys,7192 Helena Street,Saint Helier,FR37 9179 6771 44SI HHCT QJFM M20,ylegrys5b,9VjN1oqLPtgb
Constantino,Caselick,3321 Gina Center,Jinrui,FO89 5350 1742 1987 33,ccaselick5c,ORcmt9
Leopold,Dellit,7180 Fallview Crossing,Velenje,VG48 WIAQ 1145 0022 0156 1451,ldellit5d,f7w3BzggI
Basilio,Counter,25316 Clove Way,Odolanów,FO78 6593 9277 1231 47,bcounter5e,eWwf8BYSi
Wylie,Prinett,0 Alpine Terrace,Baton Rouge,MU56 PWGO 3471 4590 8487 3997 064O WK,wprinett5f,lHbV5z72LRo3
Ludwig,Hodgin,6 Bayside Lane,Xinyan,NL94 PNCW 2471 0311 31,lhodgin5g,52yz6F
Mikael,Bigly,75 6th Court,Pingshan,LB88 4200 HYDR 7GDB YGKR 4DP5 7GMK,mbigly5h,Y16jv4z4reP
Lamond,Eyden,0 Fordem Alley,Dafengdui,FR56 2169 1374 79QQ VRZW B0JL 380,leyden5i,7tS599KCa6
Louie,Lescop,0 Rockefeller Parkway,Brzeg Dolny,PS54 WUKN QCU6 PNFJ BWTH 3S9W NVXX A,llescop5j,qUDsG5Y
Thornton,Crayden,32 Anhalt Park,Dzięgielów,CZ25 5251 8628 2374 7638 3802,tcrayden5k,nKTRgP
Ganny,Buckerfield,0345 Sullivan Center,Vrachnaíika,FR26 8986 5705 13U3 IKQG TZ6L U96,gbuckerfield5l,EDLck4xa
Arv,Stiffell,0029 Coolidge Crossing,Uherce Mineralne,ME64 7987 6339 7532 5003 29,astiffell5m,6eRQic
Raul,Vanichev,9 Kim Terrace,Jiangkou,MR53 8191 4232 1760 0812 7172 744,rvanichev5n,mWVvbSdidW9R
Arturo,Kaemena,2070 Colorado Pass,Artashat,HU90 7654 2612 6909 9102 8402 6217,akaemena5o,sKp0q9kzXx
Levey,Barling,41339 Dixon Pass,Vänersborg,AD29 7726 2732 6GXS ZH6J E7BF,lbarling5p,1Lh4i0W
Dermot,Park,49759 Eagan Lane,Talavera,LB31 7492 RODM VEZZ AEYA OGAG 1VWX,dpark5q,u8ASEsrMX
Chic,McAuley,4315 Londonderry Point,Aygepat,IE72 SXYP 7601 7964 1903 88,cmcauley5r,nC95xL0w
Berti,Brampton,102 Carey Trail,El Cantón de San Pablo,LV12 SFOW QB2Z BRHZ I7ME U,bbrampton5s,C9Ibf9I4s
Kennett,Frankiss,0 Summerview Street,Kuršumlija,FR46 3395 1277 19I3 ABRB O0HW D92,kfrankiss5t,aGTfInYR47DE
Chas,Curtayne,69 Fair Oaks Junction,Jāndiāla Sher Khān,BH63 GMVJ NBES XKMJ KGQY QI,ccurtayne5u,GmT3Pw1bn45
Erasmus,Bauman,1 Hallows Plaza,Nema,BA28 7140 4227 8636 5781,ebauman5v,oimyCtN8L
Alvie,Woodvine,79 Bowman Hill,Sanshandao,FR68 6622 8320 11TS VOFO RJXC 028,awoodvine5w,4RW9b1LIUIxI
Giordano,Reisk,04509 Muir Junction,Göteborg,BG93 HYVL 0149 87Q0 LJWQ MQ,greisk5x,rHxCwpp
Giorgio,Rosenschein,5 Pierstorff Center,Shanxia,MK16 645M BO5S IYKY 326,grosenschein5y,8eKyak44ERe
Tymothy,Dufoure,2699 Buhler Plaza,Hanlin,RO42 HKQQ IFQK 93ER CPW0 NAYO,tdufoure5z,v4IkVk7
Kenneth,Crunden,0441 David Road,Visoko,PL32 2363 8565 9807 6660 4536 0045,kcrunden60,CIQWq2ROV
Lucio,Abelson,7337 Buell Court,Jiujianfang,EE72 3249 6590 0585 3166,labelson61,ycjChfNEiwt
Sly,Andrus,756 Carey Lane,Batulawang,BR36 5957 0184 1566 5007 1870 730V W,sandrus62,xvoJWyCRxfuH
Phineas,Affuso,8 Commercial Pass,Denver,GR98 5674 768G KMJF IIXU DTXG DLG,paffuso63,uRDfVzjS4
Isacco,Petrazzi,2 Magdeline Plaza,Bistrica pri Tržiču,AD79 6126 6991 THBX CVVQ EY9S,ipetrazzi64,kE0MnUU
Wilbert,Gierok,2 Becker Hill,Portachuelo,FR52 5368 6101 82PW BAED QKYA W73,wgierok65,h6TgNBFRASik
Barnaby,Webbe,38 Village Center,Yajiang,FR52 3013 2345 83GU ZIYY MQVB N95,bwebbe66,lzc5Ln
Ogdon,Staite,087 Old Shore Crossing,Vårdö,BA12 0703 0307 5309 5306,ostaite67,a96fOBodX
Teddie,Wogden,773 Bashford Terrace,Hyesan-si,MT49 KZDY 1591 175Z VSZT XXWA 97CF JE2,twogden68,H7m72DjQ
Sayre,Greim,5441 Eggendart Way,Manique,BH06 DKFD 9HQ0 PVFF 91BM 6U,sgreim69,sF5visvgz9
Tomas,De Fries,253 Delaware Park,Brandsen,MK85 989J X8WV 0Q67 R86,tdefries6a,UzyiuZ4Vx2R0
Dugald,Quibell,684 Petterle Junction,Qixia,LV87 JQSU SAIB MUGH KWH4 N,dquibell6b,V1cCVgprOW
Sammy,Bucky,02 Eggendart Plaza,Fornos de Algodres,TR33 9834 863L 3GEO VX98 BKVY ZR,sbucky6c,WmuR1KYLWj
Herve,De Santos,625 Sullivan Park,Arwād,PK22 CIVU NOZ7 SLH8 WDGM YNVZ,hdesantos6d,kS79szKIR1z
Berton,Mc Gorley,01 Farragut Trail,Karanggeneng,KW20 NXGG NCDR GDV2 VSO7 MX7I 6P1D E9,bmcgorley6e,b5c462kqM
Wayland,McGawn,4 Twin Pines Alley,Xinyang,AL68 2180 1125 FTX5 HXT3 YSBZ MULG,wmcgawn6f,qabPiStmGE
Stephan,Redholls,12 Esker Circle,Babug,BE15 2193 6926 3526,sredholls6g,scp9Pnef
Myca,Heady,15225 Summerview Parkway,Itajuípe,FI75 1331 1329 9076 20,mheady6h,jitunZIfB
Weston,Boncoeur,52505 Goodland Junction,Tõrva,FO54 3393 2868 4106 45,wboncoeur6i,B9NCTOEWT
Emmery,Reading,251 Dawn Alley,Ciyun,MC31 9744 0747 681C DBXW OKDC 416,ereading6j,S88CYFSoWy
Shae,Bullocke,0256 Fremont Parkway,Hushan,PK66 FHNT BOKJ UD8G HY9H YM2R,sbullocke6k,QNqjHN9M4p
Kinnie,Smithers,9646 Oakridge Hill,Abū Mūsā,SE76 3975 8590 1738 8939 6233,ksmithers6l,WyrH2LZd0X
Emmy,Pond,62 Colorado Pass,Marseille,LT38 5103 8961 5656 0565,epond6m,JY308M
Taddeo,Cavnor,16332 Ryan Avenue,Gamut,TN96 2067 4860 1893 7251 5750,tcavnor6n,aumSwuP3EB31
Harlin,Braycotton,89 Warner Court,Condega,IT71 Q667 9029 220M RUGU RA5Y HMX,hbraycotton6o,J7eey2pl
Tadio,Gilfoyle,284 Marcy Drive,Arendal,FR92 7530 6872 60ED VODB LB0D H31,tgilfoyle6p,xw1KM1dazg
Shep,Embling,00202 Buena Vista Way,Sinarjaya,DE59 8478 7075 6511 9487 68,sembling6q,vPVgej0
Harv,Lenox,4303 Banding Terrace,Huangbu,SM08 I220 1360 170C XGME UKU9 EXU,hlenox6r,cLReNmuH
Kylie,Guiraud,6 Onsgard Court,Châtellerault,BH22 NUYX TQF3 D7Y3 PQ0V 0I,kguiraud6s,DmHTWYZQA3Qj
Sheff,Gilfoy,69 Bluestem Pass,Siaya,IE54 GROJ 0147 5004 0958 02,sgilfoy6t,QMAj05
Shannan,Dahler,098 Village Green Trail,Rennes,BR69 3453 5041 5630 3558 6372 816V 4,sdahler6u,rsxa1f0uaHu
Gerri,Poletto,17 Briar Crest Junction,Houston,FR66 7556 8303 63HR CS8U PRA8 J50,gpoletto6v,Ni4rnvS
Shane,Mountain,9168 Jackson Place,Gaoliang,CR20 8195 3298 7680 0022 9,smountain6w,tQ2zOeW
Nichole,Sturrock,41 Express Plaza,Yutan,NO51 3507 6469 725,nsturrock6x,jQoMNdalG5
Torry,Bernardi,711 Esch Terrace,Zapatero,BH46 NFJT 0WQU IBZM WESX 1L,tbernardi6y,dVB1ffl
Markos,Mellonby,0210 Nobel Park,San Rafael,IE73 EZST 2062 2738 0992 93,mmellonby6z,La4YFPO6rw
Neal,Chritchlow,256 Village Green Crossing,Hejia,FI74 5910 8155 9590 36,nchritchlow70,HAfI7e8h
Forrester,Betho,46 Randy Way,Barice,GT73 YIMU 3J8O XZ4J VRNL U2EX ZAM5,fbetho71,9edVB0203
Ferd,Drinnan,27812 Warner Trail,Nova Granada,CR29 9356 9347 6716 9004 7,fdrinnan72,xih003x5t
Tonnie,Joselovitch,9 Pearson Circle,Mae Sai,PL19 3105 6981 5337 1442 6201 6097,tjoselovitch73,opkD5fz8F0Z
Hammad,Mowett,3594 Village Street,Cimo de Vila,MD79 JECN WQT8 ZN2G BOQZ ZXNB,hmowett74,xbIbENOReYXQ
Cross,Poad,36 Larry Alley,Yutou,FR81 6225 9716 99AU OQ2G ANAJ V13,cpoad75,dJRVX4
Monro,Drewell,64 Holmberg Way,Klatovy,ME11 4857 7418 3533 7849 37,mdrewell76,mIlaPV66
Murvyn,McNevin,1197 Dawn Road,Biscoitos,ES48 5666 8003 0427 4179 2539,mmcnevin77,KN2nHQ9gaK
Gannon,Vaud,264 Melrose Point,Huangcun,IT15 H886 2921 152L AEXD Q6ZA WIC,gvaud78,Q80T4riM4VL
Vladimir,MacDonnell,458 Rigney Alley,Huifa,GL48 9761 4032 2474 22,vmacdonnell79,Uqu3zO
Asher,Iacobini,0 Carpenter Crossing,Vilkija,IS26 2204 4999 8874 1172 0172 76,aiacobini7a,gc4sdg
Eduardo,Louis,02 Arapahoe Road,Fauske,FR73 7718 3074 34IL MSYI TCJL K73,elouis7b,EaqVYebFy
Solly,Rookwell,860 Shoshone Circle,Mników,LU55 678P MQD4 IXKK JCHF,srookwell7c,UkMHYwDOas78
Tobin,Extance,962 Butternut Parkway,Singojuruh,GI80 CNWE DKYG 9QTI 9EW7 PAR,textance7d,FjYCUmAncza
Nikolas,Roze,328 Vernon Road,Mora,FR34 9567 6003 88UY Z5DO JGU7 E30,nroze7e,QG6k6r1BCe
Patty,Tewkesberry,469 Drewry Center,Tarimbang,HU66 4629 6288 4818 2762 2934 4742,ptewkesberry7f,EqhDqUjJrJ
Hinze,Endean,427 Westerfield Crossing,Guadalupe,GI57 FOIU LSY2 AW9W 34AV U6T,hendean7g,ahVaOB
Boony,Follett,00 Londonderry Center,Polazna,NL69 UYHV 6811 8010 51,bfollett7h,9ZaWsRFDLD
Garek,Ivanyutin,4 Steensland Hill,Borovikha,LV73 TUKW U2LU GAXL 0VWQ Y,givanyutin7i,TFEiblD1
Maurie,Kilpin,88098 Hintze Court,Rakhiv,GB95 EXHM 5140 0251 2024 05,mkilpin7j,8cmOEP
Dewitt,Hendrikse,22927 Hauk Place,Huangtian,AL31 5047 2998 XUV3 FYRX VIK7 ER23,dhendrikse7k,aJKjg9xiO
Brady,Dawidowicz,87 Brown Street,Rizal,AD93 3349 6494 3DT4 PEE0 G3UZ,bdawidowicz7l,FzNx4IMCHSTp
Berti,Philipart,474 Hazelcrest Parkway,Fengshan,FI24 7538 0546 9178 94,bphilipart7m,vTRiXnYyId5R
Consalve,Durden,833 Hayes Junction,Mtambile,MK17 102D OFCG ISCT E71,cdurden7n,X1Cx2nwUl2QA
Darcy,Sirmond,449 Bartillon Court,Bayan Ewenke Minzu,FR79 8149 4753 67A6 CXYF R6RV D32,dsirmond7o,KhbWyyEfngnm
Giffer,Tooze,65922 Moose Alley,Orahovac,BR08 1340 0066 3192 7464 5843 535O F,gtooze7p,cPVDbQ
Antonio,Shucksmith,9257 West Point,Xiwang,FR85 9057 1163 60EP 6BUT PK5W 691,ashucksmith7q,gihzgzmFarlN
Sherwood,Catherine,70 Sommers Plaza,Butungan,SM95 A448 1017 199J 8GGB ILJB GOK,scatherine7r,6nFWxEjB8
Nehemiah,Lelande,5 Donald Terrace,Sabaneta,IT97 W184 2749 956R EYJM ZQKA TT3,nlelande7s,X618k7g
Massimo,Stanbridge,059 Mallory Park,Phayuha Khiri,SA19 90VX 2JSO K6XC HN08 ZXYQ,mstanbridge7t,HHiwliL
Haskel,Kraut,62170 Mosinee Trail,Longgao,BG32 XAAQ 5603 07CL ZS6B CT,hkraut7u,5n64FxlQst8j
Royall,Pannett,603 Arrowood Terrace,Eystur,DO55 JE9P 4438 7002 1033 9008 0237,rpannett7v,coH9RL
Brocky,Oosthout de Vree,475 Maple Center,São Sebastião do Caí,AD33 3608 1391 NOLU WG40 EX5A,boosthoutdevree7w,i9qIapY
Gilbert,Robjant,57 Memorial Avenue,San Francisco de la Paz,BE95 3376 4210 8307,grobjant7x,c3A7qDvdSy
Purcell,Lockless,0 Farwell Way,Ferbane,GR47 2225 765W UOZZ 4HN4 KHW8 W2B,plockless7y,VqxDzZ02vACq
Lonnie,Cersey,999 Vernon Point,Kelasuri,BR17 8573 9851 6603 6903 2779 655E G,lcersey7z,ShDHuOqBEq
Milt,Gritsaev,96 Green Parkway,Farmahīn,FR65 0549 1845 17YE GPNC BEAY 501,mgritsaev80,bURwW1DFpl
Leopold,Forster,715 Browning Terrace,Huangbu,KW32 VPTD ZKNA GKZI FOPB NRPW YZCD WU,lforster81,VkwqzWBIG
Ermanno,O'Driscoll,6410 American Way,Huazhaizi,ME09 8880 6682 9050 0548 54,eodriscoll82,KdEwvupHm2q
Kirk,De Goey,5839 Bashford Place,Duwayr Raslān,NL70 NZCZ 9990 9899 51,kdegoey83,xS8bLQB
Jock,Skouling,96323 Independence Trail,Aylmer,GL97 3027 7409 6588 60,jskouling84,S4V670t
Andonis,Geffe,69269 Barby Point,Muruni,AT32 1084 2513 3649 3840,ageffe85,gPqS3g1qTqh
Rancell,Spadotto,52 Toban Hill,Junliangcheng,SK78 9966 0929 0608 5755 2837,rspadotto86,Y4RJmr1
Eugen,MacCall,6814 Loomis Plaza,Golovinskiy,FR41 3665 6726 40FN REXI RDFC A12,emaccall87,RODx7qa7li83
Nathanial,Korn,77634 4th Avenue,Qishn,AT03 3153 0652 9029 2457,nkorn88,wB6Ko3lrNI0u
Damien,Broadwood,685 Sachtjen Crossing,La Paz Centro,AT40 8860 9810 5605 3104,dbroadwood89,T3NtGHpq
Lorin,Smolan,452 Spaight Drive,Dagur,IE25 HFDY 7059 1616 9188 37,lsmolan8a,fijy0n
Nap,Pitcaithley,754 Waxwing Court,Carvalhal,EE86 7650 2213 7610 1232,npitcaithley8b,J7fJUbtSgiEi
Sheppard,Rignoldes,31763 Rusk Alley,Dobrica,RO93 HJBZ YDS4 9PWT K8GK R5BF,srignoldes8c,zobr9ayhI5pu
Carlyle,Troy,2 Forest Dale Way,Xilaiqiao,FI05 9910 6279 9775 02,ctroy8d,O3k1wpG9wm6
Kinnie,Candlin,745 Vernon Circle,Daciyao,SM24 U390 1456 663Q UJBB SYLF CDI,kcandlin8e,VTqMtG
Burnaby,Antonat,606 Esker Drive,Mojogajeh,LV70 OQNP QUGT TOZ1 G0VO W,bantonat8f,wbGY6VThNyiP
Faulkner,Iglesia,7367 Lighthouse Bay Trail,Bamut,LU63 627X FUHK UOPW XVGW,figlesia8g,yv9hmYJUWGPh
Russell,Attewill,496 Dryden Drive,Johanneshov,FR20 5535 1109 6666 O5TE XP9Z L00,rattewill8h,WGhS3sbBlaPS
Phineas,Rootes,1 Leroy Avenue,Brejo Santo,MD81 HQ4P LHNJ J1YF TMZ1 ARCE,prootes8i,sdpHWNvJm
Ogden,Philipp,928 Golf Plaza,Carice,MR79 2403 6061 2256 4196 5668 964,ophilipp8j,xtDxe8mU3J0
Bendicty,Wear,0645 Anhalt Way,Adare,CY83 8451 6181 LY1O RMNP FQKI 3HQ9,bwear8k,6VXn71g
Marvin,Klessmann,838 Hagan Hill,Simpang,MR25 4759 1112 5653 9618 5026 996,mklessmann8l,7lzXEUb6fqX
Linc,Gotch,075 Myrtle Street,Poligny,GI78 OYVO PEU8 QGZ4 CT0B EOT,lgotch8m,rzMEJAXF
Clementius,Finlry,615 Arapahoe Avenue,Yeniköy,GL78 3779 4637 1353 74,cfinlry8n,EeKE5GJ
Gun,Willcot,83 Thierer Road,Hendala,IE89 PIQK 3136 2999 0221 16,gwillcot8o,yliRE5ShBbXs
Silas,Ibotson,5147 Colorado Court,Yaroslavskiy,LT17 8777 0388 0189 1848,sibotson8p,yI7hW1DKv8
Delano,Maddin,8 Union Avenue,Saint Louis,MU52 LJTS 2320 8597 8229 8043 466Q SW,dmaddin8q,9plhBdMHEX
Garreth,Caddies,8842 Nevada Road,Tarub,LU14 576A NY6V 4EEB OSBZ,gcaddies8r,ujAO0CcFCvw
Simeon,Molan,127 Dunning Park,Bento Gonçalves,IT35 F580 9966 7589 HPV0 0EAW A9R,smolan8s,ANBbfVenqsV
Garrard,Chapple,8136 Bowman Lane,Badou,BH55 SMIL EFWU OJ41 9QBY 2G,gchapple8t,yVUmBf
Vaughan,Shelvey,61923 Tony Place,Lagoaça,MD79 CWDW KLSY JVDX E9SD KMWR,vshelvey8u,r921pS
Tiebold,Pedroli,81 Schmedeman Circle,Wuṯahpūr,KW71 YUEV ZW1J XAIZ TCH7 SN9Q X2VS FR,tpedroli8v,I1zCjX
Jere,Millard,31112 Mccormick Circle,Bilad,PS97 PVVK 8NA6 KKQS Y3LZ 6UB4 IY8N C,jmillard8w,43ooN3Q
Shurlock,Levine,95175 Straubel Terrace,Sintra,MR87 5336 5904 2226 6893 2995 232,slevine8x,Ovzl17BvnGuA
Ignacio,Cadagan,4 Bashford Terrace,Tadjoura,KZ10 126V E34P ZQQJ TBHH,icadagan8y,Gb8nyD2f28ae
Claiborn,Ellcock,15 Sundown Place,Doushaguan,TR18 4150 6JKL NEPH QTO5 F0BA MU,cellcock8z,dD6KvG4a0bbe
Finn,Gotobed,91 Sherman Point,Longkali,AZ03 HWOT OJPV MNZ0 OF2F ALGR KRZ1,fgotobed90,ZndQRr
Kevan,Lavens,24 Fallview Place,Nandong,IT38 P676 0116 271Y DJFK Y7NA ZM3,klavens91,emH2bBA
Norby,Ovendon,07267 Continental Avenue,Erping,MK15 834O 85VJ 8II4 O22,novendon92,1lnsS4mqvgCs
Burch,De Hooge,47 Knutson Way,Zhongcheng,LI02 9039 4NPG SY0O R1NN U,bdehooge93,8Xl8mf
Torrance,Nevin,808 Cascade Court,Xichehe,MR54 7316 3398 1272 2852 6795 305,tnevin94,l9zv9WxX
Dwayne,Mityushin,690 Dakota Parkway,Santa Cruz de Guacas,AZ75 RIBS ZWI8 ZMUQ RPLP IZNX 0826,dmityushin95,Y8WBhE
Rab,Johnson,8 Di Loreto Pass,Łopuszno,FR32 7505 7241 38IA 9FOR KDYB S54,rjohnson96,WXtXRBGgCm
Andrej,Colecrough,0 Kings Alley,Zhongcun,SE65 9062 3036 2133 9318 2880,acolecrough97,EIfNvI
Stevie,Gothup,9337 Montana Crossing,Fenais da Ajuda,PS96 GXDX VF9R K5SS NBYS BSFO TWEK H,sgothup98,Y5Fh92wYB8
Kelby,Roman,0597 Hagan Avenue,Zakroczym,FR25 9876 7943 63EE MCH8 R6MZ Z86,kroman99,6CY3vzQ
King,Joannet,49 Onsgard Parkway,Espérance Trébuchet,FR93 3208 9585 29RU ZIBP KJCG T29,kjoannet9a,WLShyDM5i
Barth,Brozsset,3920 Lawn Junction,Al Jubayhah,VG49 RCXA 1729 4853 4015 3054,bbrozsset9b,hTWd0EkF
Briggs,Ellacott,467 Fordem Lane,Tsalka,DO57 CRMA 7873 1638 0686 1415 5911,bellacott9c,BGWuDoc
Markus,Willoughley,7 Armistice Terrace,Manzurka,ES89 4500 4626 7365 2159 1009,mwilloughley9d,jjjy9zyQC
Jabez,Poure,007 Melody Junction,Västervik,FR43 4083 5463 08QP FXFH Z2A9 Q30,jpoure9e,LY97SFpZ3e8
Aubert,Djurdjevic,277 Erie Point,Yessentukskaya,GI12 DGKR RVEK QXPV LWCE ZDC,adjurdjevic9f,1oEriFmO
Gilberto,Doman,8 Gina Crossing,Labruge,MC15 7741 5887 13KP KOVL E28G C22,gdoman9g,EOXzvEDk
Ingrim,Huckel,30 Memorial Circle,Niort,SE83 0062 6591 1009 3489 0474,ihuckel9h,jFxgyv
Rickert,Van de Vlies,80 Graedel Point,Quelimane,MU90 LMLU 5633 0719 4699 6557 706N SH,rvandevlies9i,1mkF95i
Vin,Blowes,2 Oakridge Terrace,Jamban,SI19 8719 0631 6210 527,vblowes9j,jMZoedR2g
Pavlov,Sommerlin,2223 Eastlawn Avenue,Boston,TN85 9415 5094 8022 0317 4207,psommerlin9k,PS7IP06
Whitman,Fevers,31358 1st Trail,Wujing,KW08 GYAZ R3K0 RFLI VP0C XTZU DRDN WA,wfevers9l,aVrDH8
Antonio,Patterfield,6553 Granby Road,Pszczyna,GI16 EDMK VMGZ IJX2 2IQL VCC,apatterfield9m,ZAaKAaGhP
Pip,Faunch,40 Westerfield Center,Corticeiro de Baixo,MC69 6318 8947 769V OPEG SQ9B 513,pfaunch9n,fIzFnz
Shurwood,Wycliff,59296 Anderson Drive,Aikmel,GB70 QEVX 9123 5981 7506 59,swycliff9o,C1tIcy2HH2
Hillard,Lowen,9 Armistice Plaza,Karsin,MD69 3AJU KXUE WGKY FYVL NJ5V,hlowen9p,CEGhjG
Dietrich,Marcombe,1 Browning Trail,Zwolle,FI03 0576 5593 4478 27,dmarcombe9q,VJ29fOPsj
Dani,Parks,8578 Harper Place,Jiang’an,PS53 PILV JUOC 0O6O YI0X VRPA LBXV T,dparks9r,fk3PsNaO
Findlay,Nevins,4101 Cordelia Crossing,Shi’an,FR12 6438 4671 18O7 QX7J TJDE B92,fnevins9s,MB3hbJzw
Iorgo,Ringwood,3 Bowman Place,Saint-Félicien,ES38 1855 0362 6884 2932 9735,iringwood9t,c5gSKnVI
Morrie,Mc Menamin,16747 Huxley Hill,Phayakkhaphum Phisai,CR58 2419 2886 3860 4813 6,mmcmenamin9u,ebOxc7kC
Wain,Apark,3 Milwaukee Trail,Simrishamn,PT27 2495 1038 2245 7560 8924 0,wapark9v,T6ZfPPenNT
Douglass,Hollyman,55618 Pepper Wood Lane,Mafang,KW77 KKIA CM6F PVXS F8RP 76ZE 7MML CI,dhollyman9w,lonihurw6Lb
Immanuel,Beckley,9 Maryland Pass,Portela,IL08 9809 2827 8965 2476 947,ibeckley9x,PCqhP3G
Sebastiano,Meritt,532 Grayhawk Alley,Guradog,CZ33 6256 5950 7573 1786 7497,smeritt9y,NB9sjNR3i70m
Rodrigo,Mallon,75 Novick Crossing,Fëdorovskoye,FR39 7896 8281 85YK FTOU FVGP S65,rmallon9z,9RSSNT7snPGZ
Eli,Ryves,501 Duke Junction,Duqiong,DE71 7422 6490 7446 7988 08,eryvesa0,bOTZ5uzb7
Salomon,Di Ruggero,409 Clyde Gallagher Road,Oliveirinha,FR56 8322 5938 41HY I3ZA 7ORI G01,sdiruggeroa1,VyEufLwzraK
Carlin,Stollenhof,107 Magdeline Crossing,Kimovsk,AZ45 WGKN SGH4 DGIG 21F9 R3BL XQ8O,cstollenhofa2,UtYCHBar7I
Aland,Lillyman,99 Schurz Junction,Xinghuo,FR65 3917 5032 352O DULE UKAX V82,alillymana3,ezIe2ie9
Brett,Arnould,73432 Mccormick Hill,Příšovice,GR71 7415 1259 FJW6 PDXH CYI3 TDQ,barnoulda4,0AxmpDT
Cecil,Goulston,455 Thierer Park,Uppsala,FR38 7987 6255 12EV D5DL WKRG L78,cgoulstona5,MAQRYoTe2
Jay,Benbrick,951 Farmco Center,Ormož,MK36 878G FJF6 GF9U 157,jbenbricka6,zfytGCl
Gaven,Shallcrass,94960 Cherokee Plaza,Parumaan,FI91 6724 6730 4535 01,gshallcrassa7,eDANJ5jAzeR
Man,Leighton,1 Brown Park,Benjamín Aceval,BE34 0091 8564 4183,mleightona8,mo438dQl792g
Ernestus,Beller,5246 Colorado Drive,Francisco Beltrão,FO43 6409 7917 4211 31,ebellera9,RYsc3Y
Mikey,Arnopp,574 Buell Road,Chahe,AE56 5685 9268 0060 9825 439,marnoppaa,033QCc1Dp3Mv
Arnoldo,Elcocks,93 Mccormick Pass,Dresden,GI75 XWQN 2AEJ KVD0 FIQ5 01C,aelcocksab,qxvFn6
Sherlocke,Day,37 Nova Center,Tours,KZ73 446X 4OG9 CN5A EUJT,sdayac,LihPfOL3gD
Jerrome,Beyne,4 Bashford Terrace,Barrancas,RS32 6060 7700 9719 6235 60,jbeynead,xl3dQSw
Clevey,Balazs,30699 Kedzie Point,Severka,MC83 7082 8313 53FZ X9JT XBMP X05,cbalazsae,WH151LHMyYe
Sander,Paterson,19081 Bayside Street,Uppsala,FR33 6024 5451 79LX CPOB INRI M85,spatersonaf,Vtoz6b3P
Leonidas,Sawden,250 Fulton Alley,Oesain,BA33 5154 3413 0903 8886,lsawdenag,oDQ9OY8I
Godard,Callaghan,8 Fallview Pass,Salamá,FR88 8600 8123 65IM BED2 9KBT Y70,gcallaghanah,lIG84CPH1le9
Schuyler,Andrieux,6 Eagan Pass,Hearst,FR66 1438 6070 107B DG45 DMQE X48,sandrieuxai,4bpQN1mQ
James,Halstead,1 Kings Road,Góra Kalwaria,GE28 KZ34 8808 8522 2567 27,jhalsteadaj,IpfdDjnUA
Lannie,Fuentez,2055 4th Point,Caqu,FO51 3600 7591 0701 11,lfuentezak,Ef2HHA9sHX
Rhys,Kempston,55666 Bellgrove Lane,Xinchang,IS78 0217 9358 3862 7012 4916 08,rkempstonal,EsVAuz
Alain,Atlee,08420 Leroy Street,Chachoengsao,MD83 EQX6 2ULJ ZFCG UPSW 1XSH,aatleeam,3kE9B4
Cosmo,Kield,31690 Petterle Trail,Masebewa,BR56 6116 4900 8125 1808 5080 968W K,ckieldan,kYQjzMjhES3
Lamar,Larmett,21513 Springs Hill,Beauvais,SA80 05MA 1SUW X2UV UHOI OYVH,llarmettao,x9zTEePdjKV
Travers,Kingcott,45411 Elmside Road,Helsingborg,FR78 6496 9816 02OZ VUU3 YRB0 G51,tkingcottap,fA2NR8lF842n
Niels,Beard,46 Springview Point,Kisasa,KZ12 708T MR3G BGWK BHPS,nbeardaq,USzriKyNr
Lowrance,Kunat,98730 Brown Drive,Surami,BR10 4108 1448 9313 9817 1246 427X E,lkunatar,zO6DGiJe2La
Berkie,MacIllrick,818 Becker Point,Avignon,HR19 2941 1611 5332 4059 9,bmacillrickas,5PKvqsr
Beale,Babber,24 Hauk Center,Floresta,FR73 1299 9448 78NG TW1U U8FS N46,bbabberat,qzdUuHXrgG2
Cris,Nassi,15640 Dawn Road,Zhenkou,FR03 4612 1589 84CS BPWL 9I5Y R31,cnassiau,5uu3geL
Ly,Strettle,7240 Sage Parkway,Hoeyang,ES53 5526 6131 2063 6693 0706,lstrettleav,M6qAUq
Francois,Gibbetts,0093 Clove Terrace,Irving,HU50 9663 7500 6468 7973 5306 0063,fgibbettsaw,MmnqBGIHXyU0
Merrel,Jenoure,91 Evergreen Road,Baisha,AD55 5522 6508 PAYA YZYC DSUR,mjenoureax,LRdsDl
Corrie,Garlinge,76642 Ridge Oak Park,Neebing,IL81 4203 7730 8340 0977 049,cgarlingeay,0Cx8vtZKJZ6
William,Caldecourt,330 Esker Way,Las Animas,RS72 8788 3888 6925 3757 62,wcaldecourtaz,JsDp8Fep
Marietta,Kuzemka,13531 Fremont Trail,Guxi,BR42 9690 4563 0473 4533 1172 875D B,mkuzemkab0,ZML8Ky
Julius,Chase,634 Clarendon Street,Waishan,BE23 9871 8273 8183,jchaseb1,RdUhZ0
Reggy,Parris,413 Emmet Lane,Sopla,SA41 70SA QXS7 VQEZ WK0N ZMWB,rparrisb2,5hIqQyW6ctLQ
Valdemar,Whatley,3 Fremont Way,Yijing,GB17 DVER 4849 7265 0272 13,vwhatleyb3,HVbywX0Ie7d
Benyamin,Parkhouse,03214 Comanche Way,Aibura,CR88 9143 6020 8448 0858 1,bparkhouseb4,mcc5tpP
Enos,Lonie,5 Bellgrove Center,Novomyshastovskaya,MC64 8889 0353 78FE GTVI VBWC Z63,elonieb5,xXCxEWy
Harv,Orpen,641 Goodland Road,Zongjia,IT82 J287 7821 677L ZV2Z 0AJT CKN,horpenb6,PLMfJzAgbyu6
Saw,Delaprelle,48 Hoard Center,Hlusk,FR82 6300 3826 3863 BVIZ HATL C11,sdelaprelleb7,0zzEyRLlFHuI
Shell,Spraggon,637 Lunder Drive,Urazovo,FR07 7309 1360 88WR ROKB J6QE 375,sspraggonb8,63m699D3Jh9
Haslett,Hischke,34633 Mitchell Road,Valdice,BH14 IJFQ DP5X XHFA UZIR 7W,hhischkeb9,XdRUDyIq
Cazzie,Flisher,46 Reinke Hill,Wincrange,MK08 984Q OT2U G53D E61,cflisherba,MM5ZAf
Garald,Chugg,72 Truax Street,Hoxtolgay,FR77 8950 6611 40CD RNCS 6XC1 262,gchuggbb,mhBHg3bS
Rubin,Huton,947 Del Mar Pass,Cotmon,DO41 HYRZ 1813 5420 3261 7802 2895,rhutonbc,LCUqxIig
Edmund,Bartoshevich,9 Sunfield Hill,Huangni,MK93 759O HO2B 0FWI G36,ebartoshevichbd,NiwrFmy
Bancroft,Aggis,83002 Quincy Terrace,Kikuchi,ME38 7358 2384 2078 0404 05,baggisbe,wxsqBwdevpT
Desmond,Hanscombe,6636 Ronald Regan Drive,Ārān Bīdgol,AZ07 MJXY 7ESW ZLNT VHNP HMAG EHHW,dhanscombebf,mOK18nX
Curry,Vassel,94 7th Point,Várzea Paulista,TR97 3007 4OO4 ZSOB DEOR 7CSG 8F,cvasselbg,5ArSsLDFJ085
Nikola,Bear,17 Milwaukee Alley,Przelewice,FI65 9355 2896 4932 67,nbearbh,PzY92ptyy7Ud
Adolpho,Kitchingman,720 Fordem Avenue,Yam,FR50 1906 0606 93BB R21J GRKZ Z46,akitchingmanbi,sVL87hO2fHQ
Bard,Longbothom,9 Meadow Ridge Drive,Thị Trấn Na Sầm,SI24 4375 5220 7924 661,blongbothombj,4Yrgk5A
Tito,Gonnelly,22544 Declaration Parkway,Qorveh,FO12 1198 0775 8650 12,tgonnellybk,hICisQjr58vk
Pincus,Speed,1111 Morningstar Alley,Nové Město nad Metují,IE55 QCLN 5942 6619 6864 23,pspeedbl,2g4hxNHfJM
Carson,MacLise,23 Warrior Crossing,Karangpocok,MD61 8BWM ITST L4RH MDE7 X81Z,cmaclisebm,4gH3IIcG
Maxy,Posselwhite,4601 3rd Point,Dinalongan,HU98 6547 2747 8037 9631 4871 6097,mposselwhitebn,EhZRv4
Dalis,Gwioneth,1439 Garrison Parkway,Danghara,GE50 CA14 0604 9442 8862 93,dgwionethbo,JWHgC9uW1EG
Prinz,Jeandon,91671 Bultman Parkway,Opaka,MR90 1482 6690 5299 9992 8001 573,pjeandonbp,u0PwxThw
Kinsley,Barcke,85 Moulton Pass,Liulin,BA13 8241 5233 9408 0598,kbarckebq,VxpVRC3dsm4C
Kaine,Joslin,6672 1st Lane,Independencia,SM44 N792 7986 867R 5GWB 4PBX MUM,kjoslinbr,8lCEq3LSpB
Bail,Heggman,96 Anhalt Park,Rada Tilly,DO36 WI1O 4097 8537 7433 2571 8400,bheggmanbs,Ixn3X56kLxE
Kevon,Stonhard,8 Manley Road,Eindhoven,DO88 9XD0 1898 3804 5422 5832 6263,kstonhardbt,IYB95zYmIx2G
Charles,Philipsen,30575 Bartillon Trail,Asahbadung,DE03 5598 4275 8561 6185 62,cphilipsenbu,xZHI5MKtStPL
Moritz,Buncombe,34017 Cottonwood Pass,Changshengqiao,AL97 6552 7416 IMEA RHSW QSDD X0AT,mbuncombebv,KIEfUiuH7XSc
Clyve,Stollenbeck,439 Bay Trail,Seke,DE18 8700 5015 6222 9036 99,cstollenbeckbw,7ryTf2tjbD5N
Danya,Dowse,77 Claremont Drive,Kotikawatta,FR02 8641 1866 43MQ 3BCF SKHF 580,ddowsebx,Mf9IcMcppoHP
Paulo,Hudless,41145 Lillian Crossing,Koltubanovskiy,FR44 2635 0607 0776 8J5T YJHG S61,phudlessby,2Kh9rN89REPd
Clive,Edridge,586 Hanover Crossing,Leżajsk,AZ24 IEQJ GMHV 4NDZ QCDD QWJR SHDJ,cedridgebz,CSO9e9UViGo
Lindsey,Leile,3 Crest Line Drive,Gryaznovskoye,IS11 2455 2977 0109 7273 2494 70,lleilec0,a8jQY0f
Creight,Ruddy,8 Shasta Trail,Zambujal,MC68 6856 1361 63FL V3BE ZCFK Z12,cruddyc1,KuLV0pBRqtdx
Ruddie,Shord,91 Warner Circle,Quintão,AD34 2271 7780 CDWQ ZJOS B7EX,rshordc2,RduXlBaqwffj
Red,Penman,9031 Barnett Point,Xinrong,FI31 9924 8240 5230 82,rpenmanc3,Z38KgYVYxiJ
Eben,Finnigan,69811 Texas Lane,Sukorejo,CY45 1519 0322 ULWU HLOS GB9R ACL4,efinniganc4,kefuh9fjnLi
Erroll,Corner,6906 Commercial Avenue,Haoshui,AE06 5397 8123 9607 6959 747,ecornerc5,MNuUKb9WDu4
Orson,Garrie,4311 Old Gate Plaza,Solidaridad,FR88 4667 7694 36F3 DSDY OTFP C03,ogarriec6,XBChRh419
Loydie,Pechet,0629 Dakota Terrace,Tromsø,DO82 EUKW 1498 4297 7633 5041 0086,lpechetc7,5xZgjymp1
Creighton,Van Leijs,6329 Holy Cross Center,Niederwaldkirchen,FR07 6530 7728 20QM 6D5U FTZU 827,cvanleijsc8,DEGqogPxxJ
Meredeth,Whyley,17 Carberry Place,Khafizan,PK49 APRO RPQE SEAS WXQC L96A,mwhyleyc9,g83eSo
Ivor,Vasilevich,28526 Lukken Place,Bireun,MU63 VCPY 6278 3331 0537 0412 895R LA,ivasilevichca,YW0RWyC
Ced,Cockrell,98013 Hanover Parkway,Saint-Jérôme,SE24 8952 3287 6875 0881 9043,ccockrellcb,sTY8al3
Ivar,Breen,43 Bultman Way,Magangué,RO39 CFVC ZKPW 4H2L HMWH 0QAG,ibreencc,p9vvEyLFZ3o
Nestor,Moncarr,3543 Springs Terrace,Maralal,SE27 3854 4166 5465 0292 3702,nmoncarrcd,0GBZzAa0stcn
Franchot,Pace,97526 Monica Place,Macheng,LT67 3097 2367 1824 8375,fpacece,M9xqlk7n
Morgan,Myles,1025 Autumn Leaf Street,Salimbao,BH21 RZUO IOBM WXTD 1MRV F3,mmylescf,SJvKnZm
Bartolomeo,Hatfull,9 Arizona Parkway,Jisegumen,PT76 6179 4322 7146 4551 4702 9,bhatfullcg,zTZ4TlBAQiW
Salomone,Clipson,63 Warner Court,Wuluo,TR96 0234 2E5L OZGA RXKI TMGA LG,sclipsonch,oNeWxjmhiLQ6
Franciskus,Ream,1422 Vahlen Place,Atikokan,MK23 637G OGH0 H4TW C40,freamci,CTWulHLIuJ9h
Mic,Penner,941 Village Green Lane,Digah,LT29 8811 7247 3276 4681,mpennercj,rG8ll3hKi5
Noak,Rosiello,3 Jay Pass,Sargatskoye,PS81 SWYR 80BC STQ7 SGSW KTSU RRXT 0,nrosiellock,5DogsnSfX1pW
Germain,Du Plantier,78574 Goodland Lane,Verkhnevilyuysk,MK90 536Z CSJL E2FN 141,gduplantiercl,SkHGk39sV3n
Alford,Toon,328 Carey Lane,Boulsa,KW10 DBDC 2N7P DGVQ NSEY VCTU MBON VX,atooncm,XQTGiKgRNGUW
Aron,Aleshkov,77 Farragut Crossing,Oyama,KZ81 199B HZD5 APLH QSJV,aaleshkovcn,8j4y7u3b79
Geno,Aneley,462 Springs Point,Nandulehe,CZ60 2007 3437 1798 7641 5788,ganeleyco,l2LT3f
Vergil,Callicott,4 Johnson Court,Petit Valley,EE48 3200 9617 8650 0034,vcallicottcp,sD7jlFSIEd1N
Eal,Wollard,73 Bayside Terrace,Nové Město nad Metují,FR37 5982 9625 06ZC EFWW NESF C27,ewollardcq,gSZ4kV5KDAY
Gabi,Navein,7575 Luster Place,Beihe,TR90 4116 1JAM ISVQ 9WSM BI58 CF,gnaveincr,fvPvH9
Chevalier,Hazelby,838 3rd Road,Badian,RS64 0308 8932 2903 6518 64,chazelbycs,Bn6hVQ
Vinson,Bevir,52547 Towne Trail,Shpola,FR92 3615 0852 543B GKIK ZQRW M71,vbevirct,DvRbyDB
Guthrey,Rushman,92466 Helena Road,Zhuangbu,FO02 2664 1177 0720 76,grushmancu,QVn7RYg
Bendick,Causnett,27179 Waywood Park,Agdzhabedy,MT12 BMET 2606 0CW1 W9UW ZPZD UBUY XLQ,bcausnettcv,jXPbeWQJ
Aguistin,Grcic,8 Green Ridge Avenue,Pensacola,BA88 2832 7196 9295 3169,agrciccw,12xC91pq
Everett,Latty,3 Hanson Park,Cavaillon,AZ49 PFDR OACF SVZF IGXW HZJA 2KS7,elattycx,3tlDfudWjk
Aubrey,Trusslove,0 Talmadge Avenue,Hengyang,MU32 EKWL 0956 5437 5489 8361 818A MZ,atrusslovecy,E8G0gjawY5Mm
Fergus,Behagg,0 Roth Plaza,Dapchi,FR06 6992 8793 50AM XDVR PEVL Q88,fbehaggcz,Dd4fVK
Raviv,Littrick,452 Longview Court,Tungol,MR77 1829 9880 9938 3592 9095 637,rlittrickd0,juyPxmlS
Harald,Costan,51588 Loftsgordon Parkway,Lijiapu,AE92 3899 1280 8384 5848 122,hcostand1,ZbuDV1
Vassily,O'dell,04 Marquette Crossing,Seraya,LV47 UYZB AQT1 RQHS LBCK L,vodelld2,sE93r9THyM
Cassius,Craiker,43177 Tony Terrace,Senta,FR15 4658 7815 499A EGGN D72F L94,ccraikerd3,LUhppNlILdd
Elmer,Roderham,33 Commercial Lane,Huaribamba,AD77 1363 2426 IFFP 8ZDZ YXRQ,eroderhamd4,9SXz7Enl9
Stephan,Severn,60 Killdeer Plaza,Kota Bharu,FI22 2424 7216 7985 97,ssevernd5,yotTm1dtgsg
Lon,Crosseland,5994 Farmco Center,Saint-Quentin-en-Yvelines,GT06 FQX5 NN03 GLCP Y6ZH KVSC 7AAM,lcrosselandd6,Jji2N8L
Donalt,Clemoes,60727 Crescent Oaks Junction,Oenunu,BA45 9910 7350 4320 5160,dclemoesd7,lKKSJJ
Abbey,Letham,50135 Lakewood Gardens Drive,Lawrenceville,RS81 0208 1815 3130 4449 13,alethamd8,PprX9lJ
Torey,Keaveny,32 Stang Center,Ncue,FO49 6805 5049 1781 61,tkeavenyd9,a2jHji
Yancy,Paggitt,56 Nancy Park,Yirshi,CZ85 0451 3979 0128 0709 1738,ypaggittda,JwXUMNEym
Simon,Baile,31 Welch Parkway,Batubantar,BH15 UPAT TSCH SEWJ IK5L LN,sbailedb,wg1klApZbD
Caz,Twigg,0949 Lien Alley,San Vicente,CZ72 8197 7643 5271 1339 9263,ctwiggdc,UTK7eIGy
Joel,Garza,82 Esker Plaza,Il’ichëvo,MT77 LRNU 8182 5JGE MQPM TWWA K3FI GBT,jgarzadd,hbdK1k
Fidole,Cominello,48004 Scofield Crossing,Shanggu,FR92 9126 2870 08KY KK0E JYMG K94,fcominellode,La9njAIV2
Thedric,Braidford,30 Lotheville Avenue,Dame-Marie,FR48 1391 9917 43U7 ORRY QDCK N63,tbraidforddf,byV4Pm
Gideon,Innot,125 Amoth Trail,Sidomekar,FO71 1973 8285 2756 54,ginnotdg,sTKrxEq
Milt,Logsdale,986 Crownhardt Lane,Loma Bonita,PS16 VTPA JYB1 I22U SXOV FKK4 5YOK B,mlogsdaledh,quBGEZa044F4
Waldemar,Scamadine,19 Redwing Center,Oelaba,NL16 ASIV 6588 7221 37,wscamadinedi,4Qu0u6b9
Stanford,McGinney,5796 Mockingbird Court,Regulice,RO48 LCTN H30C ZOPN YZZ4 FRNI,smcginneydj,BQNkBtczm
Forrester,Dict,4 Artisan Drive,Orvalho,LV89 XMEV Z0RJ AZPN UDY0 K,fdictdk,egMuLGS
Daniel,Peppett,2 Calypso Court,Sishiba,MU86 NHFW 6494 0020 0633 7687 867N NK,dpeppettdl,E02U7r
Ransom,Ludlam,2 Ludington Circle,Qing’an,CZ35 5277 6457 8713 9108 0583,rludlamdm,upss5y
Moises,Nenci,05 Petterle Road,Talshand,IS32 3436 2302 6616 0590 2938 96,mnencidn,6YSHpAWZ0wir
Alden,Poundford,66 Leroy Parkway,Nankeng,FR88 7916 8955 63DH TYBJ ZAM6 T43,apoundforddo,b1ZkD6dEL
Itch,Bever,58 Southridge Avenue,Herāt,BE10 2889 1496 4452,ibeverdp,674NkzkyY
Kahaleel,Durram,57809 Declaration Center,Sidi Lamine,MT94 RKNJ 3951 2JJE ZP6Q 8HGZ 7GZY PGM,kdurramdq,cpBijz
Cal,Boltwood,0 Anhalt Way,Kauit,CH84 3190 8BDC DEWG AYMP G,cboltwooddr,l4AuGqP
Otes,Sjostrom,0437 Michigan Point,Huacho,PL88 9024 3346 3478 8121 0848 6359,osjostromds,PA1IMe
Erin,Tarbin,78726 Kings Road,Järfälla,SI58 8710 8215 1657 650,etarbindt,jWJoVwrWBWy7
Gawen,Tante,454 Cottonwood Point,Mobaye,BG02 GUMG 8002 16KZ LL1H EA,gtantedu,ewbMe7DgJ
Lyman,Nulty,8069 Waxwing Court,Albuquerque,FR42 7648 3896 43SC MIIG M50H J43,lnultydv,qdGaE33VWE
Mattias,Davies,11 Dahle Park,Waterbury,SM48 L244 4016 149O VPMC EIFC HNC,mdaviesdw,P7FYxylxsKCm
Zed,Delahunt,57286 Mendota Avenue,Shunyi,LT51 4618 4047 2994 9588,zdelahuntdx,T7BxsOhhCJ
Cris,Baswall,04 Mayer Place,Tangcun,FR72 8434 5160 02B6 B2TY QZHD A42,cbaswalldy,OPLI2WZiaI
Kent,Kuna,39867 Coleman Road,Lomintsevskiy,LV74 BSJM FKBP OJLL OPIC P,kkunadz,4rvYrVg
Morlee,Kubiak,5 East Trail,Vladikavkaz,IE12 QKGA 0045 7221 4236 76,mkubiake0,1W3UckZ3mV6
Reggie,Limbrick,2 Declaration Crossing,Naryn,FR39 7348 4805 54ZA S18L Y7MT 344,rlimbricke1,smDWolo
Evin,Lassetter,36106 Northfield Parkway,Pancan,FR43 4739 0088 08BC ZWNI PGLT A94,elassettere2,S0vmir3I
Vaclav,Markus,275 Caliangt Terrace,Jongorsari,NL74 PYFV 3844 5115 22,vmarkuse3,RuxPd9YK
Hunter,Gowry,88371 Londonderry Way,Novoul’yanovsk,FO68 2754 9605 3205 27,hgowrye4,iarbqpot
Mikel,Krzyzaniak,2 Welch Alley,Adelaide Mail Centre,TR51 1970 1NBZ UTWY LGHN FGEC WU,mkrzyzaniake5,eC7o8R4wzp
Lion,Dairton,7 Melby Drive,Härnösand,BE35 5600 3743 3681,ldairtone6,sUyhDsLwXq9P
Emmery,Treweke,468 American Trail,Kusatsu,SE77 8757 3771 1770 2411 9751,etrewekee7,EBD0Vw4DdT
Lane,Basham,1 Troy Point,Wufeng,GE70 PM61 5104 0239 9667 52,lbashame8,o99CDUj6Fwv
Barry,McLeish,401 2nd Lane,Monching,PK48 ITJC IVCK 6MD1 CB6Q XDWK,bmcleishe9,K5uI8TBjh
Artemas,Stangoe,9366 Upham Street,Leloboko,ES59 5997 3144 0434 1076 7107,astangoeea,rW4IdoMM
Berkeley,Winter,2700 Mayfield Place,Leuwipicung,LV24 KORT O9QS AEKA OZBM K,bwintereb,7dSVEZ
Hart,Maddern,1036 Clarendon Park,Bhiria,SM60 C901 6348 2576 DO8T IFK7 UOZ,hmaddernec,vjklgKBdwDI
Carlin,Pandey,3 Walton Alley,Lorient,MK09 1334 NHGE ULIZ H29,cpandeyed,UvSduAB83
Karlan,Elintune,5 Texas Road,Holguín,GR74 0002 386Z OLLX Q2VP RQFK YI9,kelintuneee,OgVcgM3fBUD
Wolfie,Cosgry,046 Meadow Ridge Lane,Sainte-Thérèse,FR15 4374 7298 287M D9FT L4KF H60,wcosgryef,wmAgk34Dt3B
Levin,Jeandin,5044 Donald Court,Gēdo,CZ82 7333 9465 7233 3641 9191,ljeandineg,Fxt9Mda
Monty,Ranby,7226 Washington Street,Celorico de Basto,FR41 8725 9011 51J2 CERO ZMP3 127,mranbyeh,StfiiURvmF5h
Mikkel,Parken,8407 Hanover Terrace,Gombong,HR30 1058 8961 3444 2222 8,mparkenei,PzKtv7uuf
Base,Taillard,199 Main Alley,Aquidauana,RO56 PRAO FQKK PUU2 OFL8 UATD,btaillardej,nUoxEQLWFpTw
Reese,Dixsee,8 Hayes Park,Itaberaba,RO36 DOUU 27SP 3IUJ XVE7 Q0WC,rdixseeek,uR6OGojimPNr
Albie,Keyse,16 Fairview Avenue,Butungan,CZ04 8805 9034 3529 8040 4210,akeyseel,25eChPdIk8
Fabio,Gridon,82497 Monument Junction,Hegarmulya,GL78 1987 4095 3893 30,fgridonem,SSeqOXOFy
Mahmud,Esposi,2 Cordelia Park,Faqīrwāli,FR38 4435 6370 32AP TM8H EX0N 765,mesposien,2uwk1vbH4M1
Eddie,Mechell,261 Menomonie Road,Yeniugou,FR26 8844 2774 98QN AVXM GGH8 D93,emechelleo,dFBxiHlBN
Jason,Jerrams,79964 Longview Street,Sułkowice,GR97 4679 701O 0V3I 1OHV 7ABI LMG,jjerramsep,4MgxE3
Ludvig,Isles,5 Duke Center,Trảng Bom,GE22 SG18 5139 1981 1044 14,lisleseq,Q4zo1ub5qt
Dante,Gason,57 Moland Court,La Laguna,PT42 3559 0270 5155 1102 1271 8,dgasoner,IunswPMpMJy
Cornall,Hugett,725 Corben Hill,Eadestown,ME04 2606 7249 2759 6275 10,chugettes,Xr1D3kPFw8mr
Skelly,Dudek,55280 Stephen Crossing,Nogueira da Regedoura,KW05 HCAT BE69 4ZZU XUAQ 7UVV ZQNR UO,sdudeket,QUxHjsr5
Vick,Carwardine,5727 Lukken Place,Muroran,HU83 5410 3031 8694 7405 6389 3503,vcarwardineeu,tHjUR9bxw9
Gian,Shufflebotham,9654 Gina Drive,Lagny-sur-Marne,PS44 VONF BQP3 RQ0P SDLS GAWD ASVN K,gshufflebothamev,YQXFgcN
Bordie,Meaton,47 Porter Parkway,Bukovany,FR13 2615 1405 41PY K7JR OIDB O70,bmeatonew,8XdIWnZw3
Lowrance,Hulk,9036 Welch Parkway,Nanxing,DO98 5GYD 3930 0176 1210 8296 5974,lhulkex,lmer56BWmdS
Fritz,Biddlestone,74277 Park Meadow Drive,Bor,GT31 CRZ0 KXGS OFWS SKMW MARZ 4SPT,fbiddlestoneey,sxsLevb086wp
Faber,Eathorne,35 Village Circle,Pristen’,SI92 4305 1736 4243 775,feathorneez,XHSNZEuKdV
Ade,Vankov,99970 Twin Pines Lane,Zinat,CH22 9536 0EZE 9T7C SXYB S,avankovf0,KKsFB64
Benito,Tipler,80 Rusk Center,Queluz,BE51 0474 9217 7426,btiplerf1,OCM316wJH3T
Dennet,Swedeland,0317 Claremont Point,Maswa,PK71 ZMEB S4QB DP6K VBJ1 G3EJ,dswedelandf2,J3Qgm8O62050
Sheridan,Meaker,2500 Annamark Park,Kedatuan,SE53 8498 0801 8870 6062 4931,smeakerf3,d1KEnWzE
Marsh,Rubin,3068 Mayer Court,Vacov,MK56 0992 EOYZ I6UE J80,mrubinf4,1w80po
Otho,Kewish,2695 Dryden Avenue,Guanjiabao,DK81 1449 8954 1145 56,okewishf5,JDT9Y26MmxUo
Meade,Botterman,385 Milwaukee Drive,Hopetown,KW81 ABQW SCKL 9FAG AHGO XYF2 CIGB BM,mbottermanf6,TWvaBNDlo4
Weston,Rubinsohn,22474 Harper Drive,Shirahamachō-usazakiminami,FR84 2024 3646 7753 I8BM 0WGL E77,wrubinsohnf7,oiLaqgG
Hube,Capper,6173 Porter Park,Kamojimachō-jōgejima,FR17 4904 9933 85U1 TVU2 CMBG T07,hcapperf8,Qu0BF7r
Cesare,Langran,141 Hovde Park,Kireyevsk,EE39 4714 0132 2994 0956,clangranf9,UktFdSoF0
Sheppard,Gunning,9 Declaration Plaza,Huamachuco,NL23 OXLE 0783 1430 36,sgunningfa,qYpACYXq8Bb
Karim,Tonnesen,6959 Northview Center,Tabia,BR45 2847 5154 8117 9662 4780 630U W,ktonnesenfb,tVCrL6BlZ
Kienan,Petrus,89364 Atwood Circle,Ostrów Lubelski,FI31 4430 2180 1225 81,kpetrusfc,HwWmPB
Rainer,Scarman,2 Clyde Gallagher Alley,Alvega,HU81 2681 5827 4934 1457 4392 0820,rscarmanfd,y6Mq9PB
Burl,Sleath,4196 Commercial Trail,Longshan,AE17 5125 5918 9068 8735 149,bsleathfe,8eKrOk
Baxie,Avis,3497 School Terrace,Lamovita,SE03 7138 8933 7194 8403 8243,bavisff,oLlT3D
Anatole,Aizikovich,7506 Lyons Crossing,Maïné Soroa,HR06 3870 3461 8532 0269 4,aaizikovichfg,zgztHNpSP
Jefferey,Clifforth,121 Donald Plaza,Newport,GT11 Y77G WYV9 SI9O AFGW FZHV KTP4,jclifforthfh,bzhMQp7rM73
Sandro,Veld,9321 Pawling Circle,Krajan Puger Wetan,BH19 SMRF SHVO IBF2 RZFM HM,sveldfi,Gj5L5P
Evan,Nipper,04 Menomonie Junction,Jiashi,FR76 1423 6412 11YF 3ED7 OG9Y 336,enipperfj,YdGWrHYf8Yuo
Salim,Prozillo,51 Bobwhite Junction,Tolitoli,KW34 TUYH WAYA X28L XVNI SYPA CZZG Z7,sprozillofk,yKp3AMo
Francisco,Dunsmore,45812 Crownhardt Parkway,Maubasa,MT55 KTUQ 5481 4VHM S0AG VKWO LFI2 LKH,fdunsmorefl,gokBRLJ
Weston,Pylkynyton,64231 Aberg Way,Chaguaní,FO58 0479 9211 6152 86,wpylkynytonfm,0n08Def
Maurie,Badham,73668 Carey Plaza,Sysert’,FR61 4382 2337 06BM MAPT TPCY P00,mbadhamfn,x4jADkH7LB
Karlik,McKennan,21843 Hazelcrest Court,Prachamtakham,BR92 8386 8883 9388 0920 2749 972F U,kmckennanfo,BkBCIguZ407v
Dwight,Crowther,291 Nova Place,Qingu,AE43 8658 4611 4317 2710 184,dcrowtherfp,Dnxvnqh
Zerk,Cosstick,44335 Lukken Parkway,Bibis,CY19 5535 1087 ILVA IGA4 QRRO YE5E,zcosstickfq,iOppmBnZ
Northrop,Showen,596 Sunbrook Court,Ratilangi,CH82 8773 4K9N MRET PVFQ D,nshowenfr,dwdBgK0g54
Ryley,Ward,7374 Redwing Park,Cikubang,FR94 3684 1624 32ZS GSP5 CHHO Q61,rwardfs,3pboMgeP
Quint,Clapperton,49 Ramsey Court,Golem,GE75 VD02 9547 5393 5995 62,qclappertonft,DMqWZpIyH29I
Alick,Siberry,0 Armistice Hill,Pouzauges,CZ95 4817 0215 5504 6764 8496,asiberryfu,yRbToXdN5K
Riccardo,Kettow,05 North Park,Liangdong,AD42 1984 1049 N1W2 A0GK LQLE,rkettowfv,VQN7Da
Salomo,Behnecken,55885 Clove Terrace,Phú Vang,AZ51 NWXJ BTRT R1R2 TCAL ZXTE JVUS,sbehneckenfw,KqCL6hYUxWp
Todd,Szymonowicz,95 Bayside Point,Bogolyubovo,BR54 4955 1343 6548 8141 4906 636D B,tszymonowiczfx,geOyJGlIJ
Devlin,Starbuck,514 Swallow Street,Liuzhi,FR77 6547 3883 172D WJH4 EJNC S39,dstarbuckfy,0bZf8eFQENl
Dukie,Kenna,429 Manufacturers Way,Žďár nad Sázavou Druhy,DO52 JIQK 9645 7626 4227 5161 7307,dkennafz,6c9ldwsJ4
Laurie,Chasen,16 Pond Pass,Salyan,MD96 PHDK RLNE Z1X0 LBGW KGID,lchaseng0,AnCxM4JXRi
Bron,Beauly,5 Mcguire Hill,Rūjayb,PS07 OKTX N4KW 15TG 8KK8 EJ6Y YLVI 0,bbeaulyg1,b5iX5rimI
Trevor,Poulsom,6194 Summit Street,Ciomas,TR36 2486 0J9J O47K PMEZ VHDE EJ,tpoulsomg2,f9mk53jlQOg
Moritz,Prangnell,8 Darwin Place,Beisijia,KZ40 530O Q8E9 P91H TNDF,mprangnellg3,pPjvrLZWBm
Hakim,Lochhead,9 Scoville Court,Memphis,RS89 9060 2779 7967 9197 77,hlochheadg4,oOyc9Hb5b
Ian,Blei,8 Dayton Court,Meïganga,HU69 5827 8414 9731 4251 6166 4570,ibleig5,n7njMaf8C79
Bard,McGennis,8 Troy Parkway,Aguadulce,MR74 9548 6465 4225 8983 2693 601,bmcgennisg6,jjhgjjQweTMo
Lazare,Hauger,22191 Carberry Road,Kadugedong,BE91 8973 4683 4822,lhaugerg7,2QVpTYX5kIYE
Tate,Bucklee,9594 Pepper Wood Park,Huangshi,BH60 SZLZ 0ZYR UIQ7 J0LT WL,tbuckleeg8,NgdpCbU
Kayne,Hedin,2 Sage Plaza,Yuanda,RS30 4465 5715 8270 7870 95,kheding9,D0KU9tjP
Jere,Rustidge,43 Sunfield Trail,Cachimayo,PK61 YRGS MLMW CN9S V2RY NDGX,jrustidgega,vaLBoW
Portie,Dumpleton,226 Grasskamp Court,Kota Kinabalu,CZ72 3299 9652 6207 0446 2799,pdumpletongb,WP3f1xm
Harlan,Checchi,1230 Buhler Point,Oemollo,IS38 7081 4270 6134 2405 2552 40,hchecchigc,f2aEbT
Demetre,Lyosik,87301 Karstens Trail,Lago da Pedra,AT45 8732 2117 8270 8326,dlyosikgd,UDgVIQ
Padraig,Gossage,055 Ridge Oak Terrace,Guocun,FR76 3520 1808 50YA NE4M JSEL 328,pgossagege,4dSLJEKCaIx
Felizio,Elland,236 Onsgard Trail,Hovtashen,FR72 0938 0884 342D APE3 JTUI D35,fellandgf,tEOGM2BI
Zedekiah,Storah,19058 Quincy Parkway,Rozivka,FR63 0119 0270 66HR ZEIH DBOC K28,zstorahgg,NbNG5tKKgGcj
Forster,Greenrodd,607 Pearson Lane,Al Farwānīyah,HR40 0303 9018 2345 4129 9,fgreenroddgh,PPsz4lG4y
Mord,Saggs,269 Muir Park,Cagnes-sur-Mer,GI28 CLET CROD 5U2X FRN0 X96,msaggsgi,TDnhk0kd69c
Douglas,O'Monahan,222 Pine View Point,Huangdu,SA61 55DK MXZ3 QXC5 DTCP FJ9X,domonahangj,U3Zwiv5JA
Nefen,Southgate,260 Shoshone Park,Lokavec,GL32 8437 0100 3628 78,nsouthgategk,SeEL4bRfIgT
Geoffrey,MacCartair,65 Hanson Terrace,Zachepylivka,MC58 5316 9415 69Q4 PVSU GX3M W14,gmaccartairgl,Iq9nYN
Payton,Craft,92 Burning Wood Street,Hengshan,AT57 1815 1276 7666 4403,pcraftgm,XbsvLCK6
Jarrid,Stuchburie,910 Shoshone Road,Oak Bay,SK05 7279 5502 9422 7441 5768,jstuchburiegn,8GTnICH6a1
Reinhard,Battams,0 Loeprich Court,Tsirang,PT78 5963 3074 9786 9149 2624 1,rbattamsgo,tIP0ra1FbF
Wood,Hegden,52 Commercial Pass,Daxi,NO22 0948 0332 183,whegdengp,rOsvUvwp
Garrett,Giovannacci,14007 Truax Drive,Yiyang,FR20 1427 7931 08UL P9SC HD8L S80,ggiovannaccigq,wwEPDdK
Arch,Lickorish,34314 Golden Leaf Terrace,Kungsbacka,GL80 0448 4731 8514 41,alickorishgr,2QBhQyg
Shermy,Younghusband,8 Orin Center,Fuyang,MU66 CARV 9380 4307 1067 9295 617L HJ,syounghusbandgs,uUzJNuzf
Remington,Moverley,92490 Marcy Hill,Kalāt,BG48 NIML 3717 04BC X4HL GH,rmoverleygt,1MxFy9
Maximilian,Allery,8629 Mockingbird Road,Shashūbay,FR35 1990 7069 44EA DXEL H3CA O36,mallerygu,1sk19egUpW8
Tull,Webby,6904 High Crossing Court,Arjona,DK64 5014 3134 8593 49,twebbygv,RNBM6JT8Hj
Mile,Matusov,249 Burning Wood Avenue,Offa,FR97 0375 8842 97QF XM7S OSIX O73,mmatusovgw,QPIyL4T
Perice,Yitzovicz,6 Ridgeview Point,Washington,HR30 1028 2993 8699 6139 1,pyitzoviczgx,RHEGTn
Henderson,Brecknall,2260 Granby Alley,Venado Tuerto,GI87 TLMA AXOZ EAUX OBTQ ZDS,hbrecknallgy,uzi5rU0iv
Caryl,Roust,0218 Dixon Crossing,Nový Bydžov,ES80 9465 9986 1178 6497 9472,croustgz,dM9BNI
Wendall,Ethridge,4736 Anthes Hill,Dhahi,LV97 LAQO H3AQ QXVC JCYW S,wethridgeh0,S06cBnMtbXpN
Osmund,Tomei,84136 5th Drive,Linköping,DE37 4595 3216 8344 5722 04,otomeih1,esidowV
Ezekiel,Paeckmeyer,98 Texas Court,Macau,PK54 GSFS CBKV WWMW BVNT SJBB,epaeckmeyerh2,8erIlWnqudbV
Jon,Handasyde,1 Ludington Pass,Puerto Esperanza,IL50 8931 9604 7209 0118 201,jhandasydeh3,LixGrBQ3wMTY
Shanan,Karlolak,1688 Old Gate Trail,Besançon,RO44 YYVI PKN2 UCGW 0KKH 1AIW,skarlolakh4,rcyY3P1
Rodolph,Leijs,3730 Walton Terrace,Vlkoš,AD22 2868 2782 P2YX I2CU EECS,rleijsh5,3S8IhBiVom6
Reilly,Gawthorp,37 Mcbride Drive,Hebei,SE58 0201 1600 4795 6134 3147,rgawthorph6,Icdbfc
Rolf,Popescu,46 Cody Avenue,Yitulihe,DE48 8227 1223 1345 8056 26,rpopescuh7,JH6HVo
Dur,Ugoletti,90 Swallow Hill,Zator,PT35 3531 5523 1491 0271 8568 8,dugolettih8,paGtgb3A
Ty,Dawidsohn,09 Mockingbird Terrace,Guadalupe,EE50 1290 9569 7716 5263,tdawidsohnh9,JAEFrgn4EvbU
Cordy,Tubritt,0059 Scott Street,Quanshang,MU20 JTAB 0647 1366 1149 8598 282I BP,ctubrittha,7gP7elf
Arni,MacInherney,151 Randy Place,Longtang,KZ97 222G 5FDS 3VZJ AXXF,amacinherneyhb,6l0TmHajsacs
Valdemar,Muscroft,11 Clyde Gallagher Park,Seidu,GL85 3547 0398 8035 90,vmuscrofthc,dcTwbSqH
Barbabas,Rivers,978 Forest Run Court,Petit Valley,LV58 ZVBB JISV UY1R Z3EL 9,brivershd,qQkUEH1Dqv3
Maxie,Gorling,0152 Hagan Circle,Belogorsk,GR59 1992 3805 5WHY KPDR IUXM EXD,mgorlinghe,RdmqStC
Benjie,Dugdale,787 Bartillon Junction,Vidovci,FR17 3124 6483 22MJ 3GHM CPOB S19,bdugdalehf,ujgikVL3cBV
Jayson,Shenley,956 Hoepker Plaza,Ninghai,DE65 0280 1636 8352 2297 36,jshenleyhg,kNU2f9DV
Skip,Heining,14 Dryden Court,Sumpur Kudus,CR72 9353 3776 7345 4189 6,sheininghh,efF7TpQ
Lorens,Shirt,3044 Orin Pass,Portão,AZ90 WHKO XBWF YDUB OKNP DJND 7GUK,lshirthi,McSED8iU0hFn
Alleyn,Lerner,6011 Moose Alley,Balma,MK84 532E BUXQ WBQC 118,alernerhj,9IGi5J0DpZk
Giffy,Gow,43 Tennessee Alley,Cacoal,AE82 8349 5883 9624 7497 666,ggowhk,s0BNmziTtd
Fernando,Bridgen,75 Brickson Park Park,Voskresenskoye,PT47 6288 3953 5693 4986 4435 5,fbridgenhl,eEmQ9S
Trey,Petti,81668 Glacier Hill Way,Abay,FR68 1524 4074 15FT RAGH KFGK G61,tpettihm,nRFYM2Vg
Armando,Clorley,29910 Washington Trail,Izbicko,RS02 5214 5328 4377 7289 98,aclorleyhn,0OMU3f
Onofredo,Antrag,893 Ridgeway Parkway,Platagata,PL97 1161 3563 6668 3684 1968 4227,oantragho,lHmgCMDmq
Zach,Colloff,6788 Dorton Pass,Qiulu,PS46 ADWC SEU2 PGAQ LTXU IEAD RMRY W,zcolloffhp,8i5Ht4M
Koenraad,Dake,56 Katie Junction,Piribebuy,EE83 6182 9931 2406 8621,kdakehq,78U1QaLvQ3
Luke,Pamment,65487 Clarendon Road,Mosteiro,RO66 JKJO 7ECB EIHQ GHBZ R2UL,lpammenthr,5mHdlnFZ6b15
Mischa,Ickovicz,591 Marquette Circle,Alvarães,LI36 4561 78S7 K95I 9ZHO V,mickoviczhs,6Vwh93LVx6T
Dex,Neal,61158 Almo Center,Kamina,GI49 VUZC B8YD ETJK LMFV OVO,dnealht,5jWQlzv
Nevin,Jauncey,412 Blue Bill Park Street,Whittlesea,BH04 UMKT Q3PQ RAZ6 PVZG G0,njaunceyhu,2FeBdNVEg3Z
Trevor,O'Mara,304 Kingsford Circle,Litian,KW70 HSLP SU4O XTZG I1AQ FKTN NKPF RM,tomarahv,BpdzWvVn
Had,Curry,1 Everett Alley,Burunday,AT74 2580 1482 8680 7644,hcurryhw,gjLtaCdq
Colman,Gomme,7449 Moulton Center,Oromocto,GT62 51I5 EUVC KWXZ 9VLM OZDD P7CV,cgommehx,DshJMO4x
Jocko,Chate,49187 Red Cloud Parkway,Tak Bai,SA22 50TM ZLSF 9IYW F7RQ ICDS,jchatehy,eFQvLt
Thor,Stribling,996 Johnson Lane,Kotuń,DE10 9926 0015 5713 6172 64,tstriblinghz,g7HGDn
Yvon,Kobus,2683 Dawn Point,Rapas,DE70 2349 0210 1885 6216 19,ykobusi0,7R1VPq5w9z
Obediah,Randales,316 Grasskamp Point,Malita,FR67 1977 0487 56H1 V9WO HWYX T74,orandalesi1,k9G2Jw93sux
Killie,Bend,182 Kenwood Crossing,Zabaykal’sk,MT10 OFVG 1441 5MXQ MY5C 5EZN 3UC1 PVA,kbendi2,wSCMd1oV0sK
Den,Kigelman,73104 North Place,Lukou,PT73 1901 9325 8740 6108 5056 5,dkigelmani3,gZAz5rFwDu
Andres,Ivie,77 Farragut Circle,Narach,FR21 3017 2751 67OO ZOUF ESKW N90,aiviei4,wPpqrMCR
Mal,Rohmer,23658 Old Shore Court,Đạ Tẻh,FI87 0466 1705 8085 90,mrohmeri5,fd1kOJ9kan
Galvin,Rupel,25349 Nobel Pass,Gorno Orizari,LU91 772X TXPC E0ZG LFED,grupeli6,g4ACIwSVSjLF
Farlie,Crosfeld,19427 Jana Lane,Castrovirreyna,CH63 2089 5NBU RTHE K7P1 2,fcrosfeldi7,8Qhz3lja
Ken,Antonsson,71 Northview Crossing,Novosemeykino,PS45 SROB 6JDI BJCY SIIZ ZUHB ZE3U W,kantonssoni8,38Rs4Vsak
Huntlee,Torricina,1 Clemons Center,Yeni Suraxanı,GT94 ZVIV 9I7K X3BW OL50 4N6O 8KMR,htorricinai9,zSvYA5v
Simone,Edsall,90190 6th Drive,Miskindzha,FR89 9601 4479 30Z8 LSF8 FTQS B25,sedsallia,XKvaf7sHo4
Saunders,Dillinton,01 Aberg Drive,Barajevo,VG41 PRTO 6781 3731 8076 5813,sdillintonib,i2TTbE6hE
Thaine,Maffi,98271 Coolidge Park,Brailiv,MT19 XAVN 9476 9AZH SHZE GZGW DB2R OIH,tmaffiic,vfl33OXVP9ll
Delmore,Le Borgne,98 Cambridge Place,Oruro,EE35 8768 8081 6882 4204,dleborgneid,QgRTKfetL
Addie,Houseago,7 Dwight Alley,Wenping,CR68 5055 1989 5539 3214 0,ahouseagoie,uoXI9G4zIGu
Mychal,Heatlie,487 Northview Parkway,Shuangfeng,ES14 3227 1557 6518 7551 6979,mheatlieif,2rVaLZ
Traver,Dungay,9680 Clemons Point,Beisijiazi,LI34 8078 8RK2 LZMT MC2H E,tdungayig,SMyCpOfi
Glendon,Buffin,7454 Sundown Place,Gorno-Altaysk,MC79 2225 8351 96CT NIFP ZZZM I39,gbuffinih,eiIzb7Xpd2U
Odell,Andrini,40 Kensington Junction,Pingshan,BG77 AFOS 4916 68HO RAGK CB,oandriniii,V260gTqa
Holmes,MacElroy,87760 Novick Alley,Molodohvardiys’k,TN24 7861 6808 4708 4409 6514,hmacelroyij,I0xLTg
El,Gantzman,7 Sundown Plaza,Candon,BA75 4096 8948 3249 1115,egantzmanik,p8LzLsp
Jaye,Maudlin,232 American Ash Avenue,Dumandesa,FR31 6772 3892 42SB SEZU N0XT R05,jmaudlinil,NuAxmjlRvHoG
Rodolph,Samwyse,870 Londonderry Junction,Ipís,SI69 7672 3176 5633 830,rsamwyseim,CH9OfbioOzsT
Gabriele,Chisholm,722 Alpine Lane,Lazi,LI70 6521 9TYH DK9Y Y78J E,gchisholmin,Oq2BwP
Johannes,Philipp,825 Heath Pass,Krasnotur’insk,IE23 TJXF 5661 7486 5039 25,jphilippio,VvYqqiJO0xE4
Mark,Millmore,490 Carioca Center,Linghu,GT68 8YYG H9CL UNJB 6MDX B7UB LLOD,mmillmoreip,ymxtUq
Linc,Nawton,531 Thierer Crossing,Soriano,SM25 N744 9099 094C WWLU LXWA HAZ,lnawtoniq,zXDp8C
Rory,Tomsett,62902 Haas Pass,Tasīl,MK79 158W VYVT HZJI B65,rtomsettir,wm0RCYwGta
Eduardo,Sylett,9084 Bonner Alley,Ailibugai,EE36 5673 5887 3041 9118,esylettis,JIjUWFArcNq
Ezechiel,Tollemache,2012 Dryden Court,Wilmington,GL10 4674 5833 4864 75,etollemacheit,C4UdDUBr3NYi
Sigmund,Linn,11089 Anniversary Road,Gunajaya,LU24 309B TSFR LQAD 0SOP,slinniu,JrMnLKC
Fax,Winterflood,18793 Erie Place,Meghrashen,DO47 ATFD 3516 9014 0202 4836 7470,fwinterfloodiv,QMVniZ
Husain,Melmar,8607 Brentwood Hill,Sanying,BH69 AJJE WVPP Y2AJ SONM 4Z,hmelmariw,ZtUEm3dg
Aksel,Minihane,76426 Sage Circle,Krajan Joho,SK70 9109 7787 5211 1395 5068,aminihaneix,4AkUEtGTZAv
Thorstein,MacPaik,1333 Clove Hill,Cândido Mota,KZ35 762G WRLD LZ54 IV08,tmacpaikiy,4CgjRk
Clyve,Hayhow,59195 West Parkway,Kempele,MC22 1391 6428 58XS 34M6 DHAI E04,chayhowiz,Gq42HFl1wNE
Thorndike,Gronaver,58787 Doe Crossing Court,Vihāri,RO58 ISOQ 5P5I OCDQ 342I MIG6,tgronaverj0,IPK83b4WC
Christian,Keld,954 Division Alley,Ujung,FR92 2296 8537 50NK PDUC JNKQ S62,ckeldj1,D6MArpQSNhWq
Fletch,Linge,25 Tennessee Plaza,Lindome,EE77 7643 0636 3068 1676,flingej2,8shp6yRwzIQr
Maximo,Shirtcliffe,12631 Mallory Circle,Lingbei,SE40 8751 0254 0892 0785 7775,mshirtcliffej3,hd5SFoXB
Heinrik,Baltrushaitis,81514 Elka Circle,Kotabaru,LB80 2072 OUBD 5QGK WQCD EWEC JPQQ,hbaltrushaitisj4,SF5aYZlThS7
Hershel,Farquhar,14681 Heffernan Plaza,Ganping,SM70 W457 4050 419R VL89 UUZN VK2,hfarquharj5,ObZhWkBs2ZH
Trumaine,Borrie,5 Riverside Hill,El Arenal,IS21 5769 7542 8127 1141 7552 96,tborriej6,vuzJKyXV69d
Justin,Robotham,7831 Stone Corner Park,Chenghuang,CH87 1190 8MZU LPIR KOJD N,jrobothamj7,RPeALb0b
Cad,Powlett,7 Cody Circle,Xinkaikou,SA24 27H5 IB0P MI5K 0LKO 5SEQ,cpowlettj8,YDEgKVLKI9l
Webb,Elt,79796 Petterle Drive,Capalonga,RS10 7651 1033 7023 8541 36,weltj9,ALU4BwNy
Virgilio,Redbourn,85 Veith Way,El Vigía,CZ54 8828 5442 8275 3768 4286,vredbournja,219cRSry
Leeland,Bradtke,7398 Thompson Circle,Divo,BE32 8221 8645 7276,lbradtkejb,fSA6RlRmkm1
Hector,Bilsford,949 Meadow Ridge Alley,Fiditi,ME81 3941 1279 1830 2431 61,hbilsfordjc,xrygJt
Matthieu,Berrisford,0252 Buena Vista Junction,Sundsvall,AZ11 WYUJ FC8X JQVW OWD7 8KJO 91QU,mberrisfordjd,dgZ4h8Wg
Iago,McCrohon,7480 Cordelia Place,Altuf’yevskiy,TN68 3243 6012 0727 8430 2742,imccrohonje,8eaFelJ
Eward,Favel,7427 North Circle,Daxi,MK23 959P KBJW UN07 387,efaveljf,e5UgyeprHPA
Elton,Shawcroft,602 School Road,Pathum Thani,AL41 3324 8078 B2UZ 6DXQ ICMK GSU0,eshawcroftjg,iNUSNwS8v
Wake,Alexis,4 Linden Parkway,Sasnovy Bor,BH37 NCWZ CWAW 15TH JSJT 9G,walexisjh,4VwXQV
Wes,Hedger,46924 Heath Street,Bogale,DE29 1657 4389 0070 3392 40,whedgerji,PuiuNTNkUkQ
Mitchael,Beckhurst,62892 Badeau Avenue,Kuantan,KW64 DUZW BMQN VZM1 KBPM GZQ6 YWM8 5I,mbeckhurstjj,7LdmcvGCq5If
Tulley,Petrosian,38 Cherokee Parkway,El Marañón,BA37 6227 1219 6793 4305,tpetrosianjk,aHsusZ
Torey,Keiley,133 Duke Place,Sukasari,CH19 2833 0O2P FQSI EH6X Y,tkeileyjl,ajd8gB7
Trumann,Grunbaum,72 Reindahl Avenue,Zhulan,AE65 1593 8420 9571 8586 019,tgrunbaumjm,FcHY3YdkA1E0
Valentijn,Dwyer,709 Waywood Center,Burla,FR64 9306 9991 01GD II6N NER7 Z47,vdwyerjn,JlO2HZh
Pincas,Caudrey,8538 Raven Way,Bayt ‘Ūr at Taḩtā,GT12 OP0B 6KKS UBTY JACV QFSH QZDE,pcaudreyjo,GyYHgRN8qFVx
Levon,Karolczyk,9 Namekagon Pass,Muararupit,VG17 ZNXL 7108 5426 6280 0944,lkarolczykjp,WOjDEJ5
Raimundo,Sloan,178 Gina Pass,Pancur,MK84 084Q QNOJ MIAW Q33,rsloanjq,h45QmD7ULs
Sergio,Andrelli,74099 Porter Alley,Guanli,EE29 0834 2704 5628 7136,sandrellijr,DkyntY
Biron,Korf,4 Charing Cross Road,La Virginia,CH15 1823 3G78 TFOJ HYNC J,bkorfjs,HqgVj9zN6Hi
Jephthah,Lavallie,71069 Michigan Court,Maofan,MK17 784H L7KY XWHK Z73,jlavalliejt,FXNTCZOvxMQ4
Piotr,Skrzynski,1 Linden Place,Proptisht,GR70 3383 477X RROC 5HTQ AVRE QHR,pskrzynskiju,OouKGX
Eustace,Hutfield,81699 Oxford Avenue,Izyum,ES74 8965 6823 3761 4630 5728,ehutfieldjv,vE1zy3WRL4
Nevile,Bland,4 Delladonna Plaza,Olho Marinho,FR46 8922 6689 82VN WPYC RLIE Z22,nblandjw,52soK4AAk
Pavlov,Abramski,6372 Maryland Circle,Daxi,RO13 LZWE JPBU YIBC AMSM M5AR,pabramskijx,oiPJIS9Nlxj
Jakie,Matiasek,2251 Hermina Center,Alvalade,BE26 5887 7441 6872,jmatiasekjy,g3v3eQv
Jermaine,Gorham,0 Ruskin Drive,Troitskoye,FR92 0448 3757 26FU VSQM KXGB T29,jgorhamjz,7Sa8yVt
Kerk,Burnet,4579 Holy Cross Center,Vårgårda,CY22 9390 2275 YTZG CQEO 04W1 ONHG,kburnetk0,0koQM7GENjNs
Zechariah,Thickpenny,451 2nd Pass,As Salţ,PS27 LTJU S8HJ 5CZE Y0EY KAKP LL5A D,zthickpennyk1,O31ORpT4xcx
Vinnie,Rathbourne,5 Canary Crossing,Pasirpengarayan,DK14 9036 6616 4684 71,vrathbournek2,elfnxnk
Matias,Garatty,9089 South Junction,Zhangatas,MR96 5395 3207 5043 0505 1474 757,mgarattyk3,QCm67xEJ65G
Carolus,Cousen,98 Basil Avenue,Nanyaojie,BE82 8754 8720 0940,ccousenk4,HwBlEgPmR0U
Stavro,Shutle,02714 Declaration Plaza,Góra Kalwaria,FR93 1678 6299 519C K9OJ ZJWH J57,sshutlek5,W7ZFgNxIb
Luke,D'Onise,3105 Eggendart Street,Łysomice,GT53 FXD4 31ZY U1LT SGPY COIK 9TAC,ldonisek6,yOasXE1wPkt3
Araldo,Klug,62288 Randy Park,Xipi,GR38 4319 100Q 62ZM OQ7O XZIP FTY,aklugk7,PuNbjHvL
Adler,Dayborne,404 Anniversary Place,Aquitania,PT86 3000 7482 5209 2620 6385 5,adaybornek8,HUKFL7gnHb
Binky,Kearton,87029 Coolidge Parkway,Deshan,AZ85 OWUM XSRW U49K 3WWA ORUX ZNRH,bkeartonk9,yz7YOUV
Lawry,Coolican,9 Butterfield Trail,Fujioka,DE30 1734 2721 7980 0773 00,lcoolicanka,jpfctBir0rzD
Jeramey,Condy,2159 Mccormick Terrace,Pajak,PT51 4466 6795 3260 3410 4684 0,jcondykb,MpkmSaVgvAI
Sargent,Muddiman,44 Briar Crest Road,Wilamowice,DO78 KNW5 8055 7714 7992 3592 5556,smuddimankc,kplhWV
Cassius,O'Crigan,93504 Roxbury Center,Xichang,RS98 6809 0282 2022 1931 91,cocrigankd,fMRYzzOr
Lodovico,Huguenet,708 Vahlen Junction,Wukari,FO74 6239 8811 8919 96,lhuguenetke,PW2rt3jG
Isidor,Gilfoyle,24435 Mallory Circle,Saint-Joseph-de-Coleraine,FR18 9180 8954 49LG TW4Y 0H4V F17,igilfoylekf,74JOKObwpl
Graig,Reubbens,80 Sugar Pass,Erjiegou,LV91 XZCK JDVM K2Z3 PLMD S,greubbenskg,11vOX04u9f6w
Kerby,Willmott,776 Shelley Drive,Hengyang,SK22 9210 0048 7760 1974 3056,kwillmottkh,aGsmDVd
Chip,Franks,21 Schiller Trail,Buenos Aires,RO10 MFVA RVV9 YQCX FVMV N4LC,cfrankski,n9MnZzljn29Y
Roddy,Columbell,90869 Stoughton Avenue,Matão,MT90 SYGQ 3450 0II5 IFLL ATHQ KVRE KRP,rcolumbellkj,yFyyY37T
Yancy,Downey,430 Reinke Parkway,Montpellier,BA78 3399 1984 5607 6861,ydowneykk,8tp4oOH
Maxy,Meiklam,94 Shoshone Trail,Figueiredo,RO45 XUUX QZZI FFEI ZY3M 73Z9,mmeiklamkl,yIMoCrcFS
Alva,Mc Caughen,5620 Stuart Court,Muang Long,PL24 0739 5116 6637 5936 5064 1577,amccaughenkm,Ow1sQqI
Frasier,Sedgemore,271 Corscot Avenue,North Side,GR21 7122 389I NZDJ FJVI PPAF XLV,fsedgemorekn,vjfKt9uW1xVx
Maxwell,Purselowe,84053 Forest Run Alley,Cibatuireng,SE07 8208 2209 3277 4578 6605,mpurseloweko,tJCvBmyT
Walton,Lacey,0072 Katie Crossing,Maundai,GE33 PM85 9691 3912 0183 08,wlaceykp,J4CZ10
Crosby,Stirtle,7408 Express Lane,Kaiapoi,AE67 4893 6081 7589 8682 648,cstirtlekq,B5u5dC8lt
Chaddy,Birts,6922 Dakota Pass,Sirājganj,PL86 4600 1892 1596 0848 4514 0192,cbirtskr,8TBU0yd
Ingram,Sherratt,5270 Carey Junction,Mbanza Congo,FR73 6554 8639 04TF ZTYI CYM5 K94,isherrattks,rp5DRHk
Cori,Pellew,59547 4th Circle,Shakhun’ya,FR07 7868 4383 08Y2 CHQ6 3Y0Y B87,cpellewkt,FQ7HtS
Delaney,Blofeld,932 High Crossing Park,Metsamor,MC37 0935 3828 20WS DQXE AFAG 173,dblofeldku,G0ELsQ1pBEGx
Alexio,Tezure,5 Dawn Crossing,Rinang,LV24 THGB CU4Q UOLQ RSPF G,atezurekv,ukJh1Pu
Christiano,Ebbing,0552 Northland Center,Mentaras,PS89 FDUT 0MYP O0WV DJ9N EARD HO78 1,cebbingkw,tLVHnWoz
Baillie,Dymidowski,2322 Everett Crossing,Nuevitas,AL82 7912 4297 3QY0 5O6M QWO7 VNTI,bdymidowskikx,7WPkshtwK2K
Whitaker,Chomiszewski,15 Declaration Park,Cuozheqiangma,MC86 1990 6478 46QW F2XK TAQB 693,wchomiszewskiky,5Pv1ZuucSu5
Ebenezer,Giannini,09 Forster Place,Worcester,FR64 4989 7580 12AR RMEF YOEU N92,egianninikz,SyGyusJ
Zebulon,Baggot,7931 Hauk Park,Kurjan,LV82 HDDC LHT2 3F4W OSHH C,zbaggotl0,ol4Wks66qDgS
Clem,Croson,4 Swallow Lane,Stavanger,RO84 KHHC CUW0 BBIF 9Z0Z COR5,ccrosonl1,zamDK5
Deane,Blackaby,33 Colorado Court,Chaves,AE38 2327 2420 1150 7130 017,dblackabyl2,VQxC84hv09W1
Glendon,Brittoner,11 Hoffman Center,Jaleswar,PT25 7363 2904 2711 8611 8946 0,gbrittonerl3,R6fYhDcNKM
Erny,Daborn,34 Kensington Alley,Barapas,MR59 6207 3942 5562 5298 7434 775,edabornl4,VJHfehZGKA
Donovan,Tyson,3846 Larry Place,San Jose,FR51 8420 1807 51RH ABIE JJBO C22,dtysonl5,iDFylgDiZAP
Rudiger,Piggin,523 Surrey Point,Thị Trấn Thất Khê,AD77 2844 4888 JZ9K VPZ9 IPND,rpigginl6,YmncnOlajuW
Johnny,Spadoni,5318 Arizona Junction,Miami,FR22 7289 0965 61G0 C1P1 WZNH F91,jspadonil7,aNk7ULaqT7
Calv,Abdie,907 Comanche Point,Oslo,AL09 7883 4198 7WSY SSNV 2VKV TURD,cabdiel8,EfIC3coJZJNt
Mannie,Hambrick,9 Rowland Trail,Yonggu,SM64 N997 7024 403M FSSK BGSP F8B,mhambrickl9,SLe1R3Kp
Stafford,Grim,9 6th Court,Pengchang,PK70 DSDY 7AOT ESB1 ZEZX DWUO,sgrimla,SqKFrrqbX3pH
Elijah,Gideon,7219 Cherokee Center,Dehui,EE15 0813 3728 9759 4715,egideonlb,Pf6NDN6dMr
Godfry,Callander,6245 Swallow Junction,Ouidah,FR39 7610 3460 20G8 9ZE9 ILZT F94,gcallanderlc,z7KvgZRR54jR
Otis,Briskey,6 Elmside Crossing,Chikeng,RO48 GDYR X7JV BLU4 RYMG 2YC6,obriskeyld,BaLzMYBQKln
Felice,Beedom,41242 Dakota Park,Semang,GI91 ALPR 1OIM KA21 NXOE S7L,fbeedomle,nNE5orqG
Mendie,Alexandre,175 Center Parkway,Bangko,EE97 3307 5180 2440 4696,malexandrelf,4TSNVlb
Hewett,Mottershaw,27403 Merry Street,Boguszów-Gorce,DK69 9645 7313 8669 61,hmottershawlg,nLgwH0x8Q
Nicola,Sansom,73 Dexter Crossing,Ampanihy,LT49 6507 5593 2383 8265,nsansomlh,Zca0zNjj3tU
Trace,Faussett,55956 Forest Center,Tshela,FR90 3075 5143 01T4 0NCI MZ5C M85,tfaussettli,kGJy011ic
Alfy,Bril,72 Rowland Avenue,Langpas,FR45 8322 9041 74B3 IEIV MD0Y X57,abrillj,fOdRqO
Goran,Raggles,1 Esker Crossing,Boston,ME75 2944 7691 0022 4798 48,graggleslk,CWSIlCy
Perkin,Mathivon,727 Pankratz Junction,San Francisco de Yare,GR90 4455 731B QHL4 OVZK DBJJ AOM,pmathivonll,gpogI8
Sawyere,Sanders,80702 Katie Pass,Fangzheng,BA44 8108 6205 3594 8220,ssanderslm,SKmylT2
Charlie,OIlier,967 Cordelia Avenue,Selaparang Timur,MC02 8826 6139 61GT C7WK GPV9 F17,coilierln,Eqolkm0ZMZR
Rutter,Wylam,05800 Cambridge Junction,Uzlovaya,NL57 OYHY 8483 3699 00,rwylamlo,NqEL0fyoz
Quillan,Bloor,719 Vermont Circle,Zagoryanskiy,LT98 1721 9361 0676 6599,qbloorlp,5ZTQdKqmoT
Mortie,Labro,9 Magdeline Park,Hampton,CR44 7693 8952 9725 1942 9,mlabrolq,HIDTGR
Denys,Pyser,98597 Dottie Place,Yishi,FR59 8956 8262 816V EQ21 QCT9 I95,dpyserlr,fM27bqVrt
Hector,Vaz,5 Logan Way,Nahāvand,NO86 3378 1407 836,hvazls,yFxordHL
Sheppard,Piegrome,492 Fairfield Avenue,Rajapeni,HR47 1296 7750 5047 2137 4,spiegromelt,H0TaCbi5M
Tomkin,Tackley,8936 Almo Place,Vnukovo,BR48 5708 8337 5303 4697 4532 468L M,ttackleylu,PQL3nXzx
Noach,Hastie,816 Village Center,Fussa,FR96 2645 0715 12HN 2S1K V5L7 C18,nhastielv,XYZnIaBGBmA
Gaultiero,Cavanagh,7 New Castle Trail,Bokhan,CH47 5875 0N5I ZE89 F4DL 2,gcavanaghlw,ehC5dCvhdPul
Trenton,Loynton,874 Kim Avenue,Fruitvale,LT93 3022 0926 2785 3814,tloyntonlx,WYBjZnVkYC
Addison,Warlock,6 Pierstorff Road,Sampaloc,BH71 LMHN ZD9Q LIGS RBRH KX,awarlockly,nN9TwHOsIixs
West,Woolfoot,176 Lindbergh Trail,Zelenodolsk,IE78 CQKE 6039 4956 9333 73,wwoolfootlz,N8eDxi8Ioz
Hugo,Backson,0394 Orin Place,Pogórze,BA05 9475 0275 8359 2433,hbacksonm0,CLHWPC
Bern,Rollitt,17 Meadow Valley Road,Andres Bonifacio,FR50 4621 0856 38G0 BJVG GYZG B99,brollittm1,n3aynU6zQzd
Albrecht,Acom,3 Magdeline Alley,Junyang,AE33 8607 5413 2611 6925 497,aacomm2,EH9SDC
Kenon,Koschek,61762 Beilfuss Trail,Zhongchao,MU47 UWAN 3246 8914 4982 2005 392F QS,kkoschekm3,mrX55B4
Val,Mannix,9997 Mcguire Circle,Aurora,NL86 HRBZ 0374 1675 24,vmannixm4,DmAgFx
Ash,McCready,76976 Scofield Alley,Hodoš,TN30 8186 2519 0626 9338 7419,amccreadym5,mtjIABei
Woody,Mansour,79904 Victoria Place,Acarigua,PK70 OTQF PLKQ NGFY MYWK WIZB,wmansourm6,x3sQJQ0u7M3
Barnard,Dowles,720 Brown Crossing,Beihe,FR02 5626 9794 918E Z2AM 4HME H59,bdowlesm7,14TGNGr0639
Dionisio,Waycott,822 7th Drive,Erping,FO69 3311 9008 9178 16,dwaycottm8,rlqma9eV
Shannon,Jahn,6332 Northview Crossing,Hengshui,NL53 JCBT 9388 1039 91,sjahnm9,up27QsX
Whittaker,Harmer,904 Prairie Rose Point,Miasteczko Śląskie,LI34 9973 4AUM HYX9 IH7O C,wharmerma,b1IvyKTR
Edgardo,Lapping,6932 Trailsway Trail,Svetlyy,FR61 9525 4704 18OG SWAI UMTG X64,elappingmb,p5bOSVqVhewM
Gawain,Daouse,35522 Graceland Center,Pigeiros,AT30 4338 2307 6890 5233,gdaousemc,mCMNm08kuPfm
Arnold,Braddick,64 Vidon Circle,Dos Hermanas,BE37 8569 4433 8370,abraddickmd,J8yJDfzZxxSl
Morry,Lamble,0 Comanche Park,Shaxi,GT43 ZKHO 80FT P8NQ NCX4 FWJC 6GYE,mlambleme,bMauMMo
Dennis,Barstock,0 Bultman Parkway,Beberon,PK87 UCYM OPW6 A6HZ 9GVG VRSG,dbarstockmf,DQKB6s
Vinnie,Vasyukhichev,7 Becker Parkway,Votkinsk,FR02 1351 7218 85M9 ACH4 JNKO X66,vvasyukhichevmg,PP8rZ3LiKK
Codi,Trank,4 Farmco Parkway,Dorval,IL91 5149 6901 9399 2947 049,ctrankmh,XJpdJMCb
Tommie,Shepland,020 Westerfield Street,Karangpocok,CZ94 5007 8630 2650 1904 6971,tsheplandmi,pWx3K7DEK
Benedick,Leighfield,3 Dwight Center,Aucallama,KZ27 651X ESGK QUDN I3KH,bleighfieldmj,oZHiLe
Amery,Randlesome,98011 Dahle Crossing,Karangpocok,DK22 5214 9202 5573 62,arandlesomemk,iuekhILM2M
Chrisse,Thing,2 Sage Alley,Kananya,FR27 2367 0560 06HQ 9EOL XWF3 B51,cthingml,isoEZ0Q5JW
Rollie,Jurges,1026 Basil Court,Las Lajas,PL33 3583 4798 6952 4559 0987 1774,rjurgesmm,4iT7VwF
Waverly,Vinden,2 Brown Place,Skovorodino,GT36 7PLX V2F4 YFX6 NNPU GXIB 4CBP,wvindenmn,zsNjCb8p5
Lind,De Bruijne,4 Evergreen Alley,Lam Sonthi,GL17 7368 3468 6791 28,ldebruijnemo,8ywmdU
Auberon,Rookes,3 Havey Place,Jinnan,FR87 3768 9610 28H0 LALP RYZO M82,arookesmp,zip62lEF0
Ignatius,Thurston,627 Magdeline Place,Portel,LT85 9788 4187 5933 7662,ithurstonmq,stpseg32
Che,Antyshev,4 Muir Way,Matanza,FR97 2686 1298 58UJ QTGH JFQ6 S11,cantyshevmr,krA9MxP9O
Kellen,Westmacott,9 Manley Alley,Franco da Rocha,MT43 UHDH 7761 6ZGA AVEI NWVO AYRK ZMS,kwestmacottms,sB1I6fi3MBy
Trstram,Grosvenor,33307 Rieder Trail,Petushki,FR02 1242 2195 82LE 7EYV WVWF O38,tgrosvenormt,U9gjON
Dicky,De Atta,1 Sherman Point,Tabuc Pontevedra,FR72 5951 7349 22OJ JAE8 YMRH E49,ddeattamu,ko4kjsGurrz
Elliot,Wederell,167 Barnett Circle,Jacupiranga,GE57 YI56 7967 1329 8171 57,ewederellmv,QjELaDMr9g
Alberik,Reditt,5717 Corben Court,Sicamous,FR82 0672 5956 19HD RXI7 NTHD Y16,aredittmw,1K7lDUB
Randy,Weldrick,9424 Forster Pass,Penticton,AZ89 STMM 2ZHB YA1K O0GN YUIV NGY4,rweldrickmx,ajMrnEfcd
George,Petyanin,35821 Southridge Alley,Big Bend,BH56 FWFO BLEY F0KM MX8I K5,gpetyaninmy,udhP8iyvEc
Sanson,Moehle,059 Forest Dale Street,Yanliang,SK41 2178 2501 8839 7448 1873,smoehlemz,uvkY1bH
Chan,Ughini,915 La Follette Park,Shengmi,SE81 1222 5891 5876 8292 0466,cughinin0,oKoUj1xq12rH
Abbot,Allison,5773 Nancy Junction,Castelo,FI19 0817 9050 9929 70,aallisonn1,Ww2GQlzWi
Bond,Renfrew,8 Saint Paul Avenue,Casigua El Cubo,KW32 OHKN WFVN P6EW 8OVL NNMJ C4E9 7S,brenfrewn2,02pkggd
Ruddie,Branford,4839 Homewood Park,Yuwang,CY42 4632 8317 UGXL V7PW 7IUG MUC5,rbranfordn3,iNJU6XguJ
Leo,Morcomb,24922 Brown Hill,Bouzov,EE25 1879 3408 0318 4409,lmorcombn4,ilV1ixcOS
Niccolo,State,50 Birchwood Crossing,Jiangbu,FR83 6917 2516 49BD 8FJY 2L5L C35,nstaten5,q3TGfMdhnaG
Leicester,Iwanowski,776 Gateway Trail,Ust’-Uda,FI44 8722 9362 3126 38,liwanowskin6,xZv1ISuw8pA7
Enos,Mosdell,9951 Northview Pass,Oxbow,FR20 4697 8770 49GM K2HV LBW1 N86,emosdelln7,tKFH9bzN3
Cesaro,Mallows,8389 Hansons Way,San Carlos,FR03 0932 2510 88EB NPLU DNIY G29,cmallowsn8,Vega661Td
Jay,Swalwell,21 Pepper Wood Drive,Osa,AZ12 DMOJ SEBQ UKWC N0G7 A3SH QCEB,jswalwelln9,OQqbRWpG
Selby,Alexsandrovich,978 Schlimgen Court,Zhangdun,BR59 0293 1005 7256 7891 8355 115D Y,salexsandrovichna,fNEcEaoYFR
Brien,Gyorgy,40243 Upham Alley,Xingquan,MT58 NZET 5148 7PQ6 F17W 8PFC RFNS JTA,bgyorgynb,cybRLwg1G3I
Hamish,Dongles,8720 Mcguire Point,Markaz Bilād aţ Ţa‘ām,MD17 OC5O GTCE JRYC 5JMA A3NK,hdonglesnc,9ABsLjE
Myrwyn,Suston,60 Carioca Way,Miaofengshan,PK08 TUGZ FI5L JVHE BTYQ CVVK,msustonnd,aSXbEUgkl
Moises,Henrichs,75 Onsgard Way,Huacapampa,CZ41 2334 2446 0547 6492 4488,mhenrichsne,mg9Dkuy0mJU
Fonz,Lacelett,43 Vernon Trail,Rizal,DO37 CS7U 9240 5648 0546 7235 9348,flacelettnf,x4WNjPgg57j
Emmerich,Scarsbrick,094 Meadow Valley Court,Xiadong,FO14 0305 6509 6362 54,escarsbrickng,HtHIwRJ
Wiatt,Deluce,57 Farragut Point,Sidomulyo,KZ82 744S LPGF MZOG DAN1,wdelucenh,UnoqLo1g
Neall,Georgeot,99 Muir Center,Zhaodong,LT92 9886 5333 3423 5053,ngeorgeotni,aFsEnHs
Dionysus,Skatcher,24 Duke Parkway,Puerto Esperanza,GR78 9356 229R SRVL YWI7 HT99 SIT,dskatchernj,4HCl89a
Anthony,Powderham,91657 Namekagon Crossing,Voiron,NL45 QKIB 6671 5378 14,apowderhamnk,ANoVVVK1c8e
Welsh,Sheepy,892 Oak Valley Center,Ar Rahad,MR56 6264 9393 2291 3879 3302 493,wsheepynl,8udbolsxNi
Jonathan,Born,499 John Wall Plaza,Angered,TR16 1496 1LMQ 5ZVZ OO5Y DCAM QH,jbornnm,8YiVfXiUROM
Francis,Volant,34057 Thompson Junction,Svitlovods’k,FR78 2869 4231 67JY CIAH MTX0 T73,fvolantnn,FXD8cS
Cyril,Bertenshaw,3645 Memorial Terrace,Nevel’sk,SE29 7466 3619 7545 6197 7106,cbertenshawno,Wy3u0zn
Wendel,Bernardeschi,78535 Sycamore Avenue,Rennes,DK43 1688 0098 4007 44,wbernardeschinp,OGUoyg
Zane,Keave,2996 Brown Avenue,Geoktschai,FR37 3285 9772 72SK J7UW AKLU V23,zkeavenq,vwfdU1jWZL
Hugues,Gockelen,7081 Marquette Pass,Fort Wayne,HU82 7263 0471 8505 8636 5380 9715,hgockelennr,A2lffTpq8Xxz
Christian,Orrah,906 Namekagon Pass,Utara,FR42 2752 1079 49PZ BF9A WK1R E70,corrahns,qkF8ySy
Toddie,Byrd,1 Crescent Oaks Center,Liushikou,AZ98 XNHS 9EFM CAZE 49Y8 X1IW 6V0O,tbyrdnt,AYrY6dVsg
Ev,Daton,1710 Delaware Circle,Mullovka,DK71 8344 9600 9298 41,edatonnu,Ocorwv
Rustin,Izen,78916 Butternut Trail,Pathum Thani,MD57 1DPJ LS2F IWLF 3WSF RXWN,rizennv,HQ1Q8e0O
West,Boman,573 Basil Road,Madrid,FR52 8068 8223 01ID A0M6 0FEX 440,wbomannw,2ahMVygaXP
Wilton,Greenset,316 Esch Circle,Doumen,LB48 1008 DVX2 FGVM 98OB JADR 6XYF,wgreensetnx,8h7zCOXPUe9O
Clem,Ferruzzi,9988 Menomonie Terrace,Bocowanti,BA60 9102 8880 0787 7477,cferruzziny,OC59BkKGSW
Cullin,Malt,638 Judy Hill,Xinan,FI29 2857 1249 5152 49,cmaltnz,1X9tVMR
Hurley,Blasi,1785 Northport Street,Aragarças,MR89 6455 6611 4916 6548 9549 636,hblasio0,NqFXaoP
Ray,Oldacres,09026 Vera Terrace,Batujaran,LV58 YYVD 6FX4 6Q1R ZZAX G,roldacreso1,vQ76OiKEJUt
Chucho,Worland,693 Hayes Crossing,Liješnica,SI53 9049 0591 4903 551,cworlando2,CbyV6aV7QDA5
Flem,Whetland,676 Marcy Court,Pamanukan,CY02 0953 7096 RQQY SSV9 RWBA GWYY,fwhetlando3,pvkcN0nl
Hendrick,Boumphrey,62154 Mariners Cove Terrace,Nagrog Wetan,FR25 8910 5384 83AP AXTC M1BN Q38,hboumphreyo4,owzkrkQ
Adlai,Guerriero,8 Everett Way,Cipanggung,BA67 9432 3376 7420 8281,aguerrieroo5,fRA5lQNvF
Wallace,Dumelow,8891 Monterey Parkway,Hatton,FR90 9364 6041 25QK 7E5M DYSH 934,wdumelowo6,ksON7oqXzB
Burgess,O'Fergus,7791 Kim Hill,Wanglinkou,HU58 3314 6384 4255 0033 2725 1950,boferguso7,qcEAsnHfYrP
Gauthier,Rosgen,695 Clyde Gallagher Road,Shahr-e Qods,MC34 5487 6182 59C3 7ZFG RRBG Z98,grosgeno8,znhr9LKXV0
Ash,Hallin,01575 Barby Lane,Baharly,GL65 6391 9345 9242 24,ahallino9,Uh4ve1on1e
Phil,Frensch,58367 Muir Avenue,Buzuluk,LI91 8741 79HL W7KE YBAF L,pfrenschoa,VOTFBpcCoe9
Chrissie,Niven,4995 Vera Center,Bindang,KW67 NJWW H0MI PRQM RFU0 VTY1 RVDH OE,cnivenob,yu0MwV
Derwin,Peasgood,48 Elgar Park,Al Ḩawāmidīyah,VG41 RMXH 9923 9331 5346 4695,dpeasgoodoc,eNq4w41
Rog,Pauncefoot,2463 Colorado Parkway,Henglian,BH28 ZDJR D4WC ZZED DWAM LJ,rpauncefootod,Ydj3zQ
Lauritz,Hallwood,75531 Montana Terrace,Suure-Jaani,MT75 WUPZ 5413 6PFQ GDHS RTPB R22L OMJ,lhallwoodoe,3792jyKeS
Trev,Verrill,532 Ridgeview Trail,Lezhu,ES71 8502 0305 6719 4194 6277,tverrillof,ZdKfmf
Maddy,Guarin,3 Moose Park,Lagawe,SA11 88O2 RSNR L6WQ MIXS ZHSW,mguarinog,fSQahHtlJ
Granville,Jaycocks,28 Lakewood Gardens Drive,Dhrosiá,FR28 0274 6982 15B6 3BZU V5RK 093,gjaycocksoh,14xwBo
Lem,Conor,3631 Kropf Park,Överkalix,CH08 2586 0QUZ LLU7 Q6BI P,lconoroi,yw9JlNe8K7I8
Rollin,Matteris,0631 Eggendart Circle,Horta,FR36 3171 5418 91NM L25N KCUA B37,rmatterisoj,hryT8ul
Svend,Cheng,0462 Holy Cross Center,Mamoudzou,IT24 Y935 0238 495N VRU3 JIWK XS5,schengok,tDJOoV
Arlen,Conachie,28188 Eagle Crest Way,Turbaco,FO14 7088 7078 5867 99,aconachieol,Go5jxf
Daryl,Vignal,6646 Oxford Way,Dobřív,DE56 0824 7285 9302 8744 35,dvignalom,A3mP2e7UafXm
Carling,Liebrecht,4730 Sherman Drive,Wińsko,BH88 MEDB VU7H JPRM 9MKW EX,cliebrechton,iP3Y5FT
Alphard,McNellis,329 Thierer Pass,Tambo,FR27 3563 7647 50AG C6JR 39ST W77,amcnellisoo,ZjdXn49OhgF
Bryanty,Armstead,43 Talmadge Hill,Xinyuan,NO11 2474 0765 910,barmsteadop,BHIO3KUof
Domenic,Duigan,46986 Pierstorff Crossing,Zhishan,FR54 4495 9087 96PQ FNU3 3SAG O31,dduiganoq,vOoCGV6VG
Mitchael,Wulfinger,20 Packers Drive,Alvalade,FR77 5871 4312 85OQ ZOBN YMNG O09,mwulfingeror,7O3gin
Rube,Geleman,381 Sachtjen Lane,Macroom,ES39 5961 8895 2517 4672 1018,rgelemanos,isAa4mpwf
Jerald,Whithorn,7 Bonner Street,Palena,DO29 R49W 0246 1718 1257 1192 9999,jwhithornot,RWT9qyvYBk3a
Warde,Culpen,15408 Fremont Crossing,Samoš,BR70 3786 5747 9983 8125 9080 834Z 2,wculpenou,5IBESb
Meredith,Draycott,156 Manitowish Drive,Jombang,FR92 3870 9988 62QA UEYY 7WY7 Z86,mdraycottov,gkFm1mvnd
Taylor,Bartell,8 Lukken Trail,Lyon,LI79 2874 6ALK M3SW IODD Q,tbartellow,goBvE7dsxjE
Vick,Wortley,73 Oak Valley Pass,Vila Real de Santo António,KZ71 944P 3LWY 1NI3 UIYK,vwortleyox,NZ6lakxpknK
Reginald,Allsup,75067 Doe Crossing Way,Tirmiz,MC31 8174 6534 06KX TEPA PXV0 W72,rallsupoy,pLnxNAQENq
Quintin,Romaynes,3 Lindbergh Street,Rybie,FR48 0798 7766 00VT B1AD FCBN T67,qromaynesoz,71889a2n
Clive,Carnegy,6208 Sunnyside Drive,Verkhnya Rozhanka,MK52 489N RFHR AQT3 F43,ccarnegyp0,cgmvhmKx
Dietrich,Pylkynyton,744 Shopko Hill,Villa Santa Rita,EE42 4790 8687 1972 9805,dpylkynytonp1,J4kD0oRuRK4y
Neils,Gillanders,285 Moulton Junction,Douz,MR98 0999 1048 4285 1686 9386 117,ngillandersp2,SiE0yzgFIU6
Reinaldos,Emblem,10137 South Road,Pedrogão,IE62 NENC 9929 4464 6189 74,remblemp3,e9WqGtR
Urbano,Schaffel,9453 Wayridge Avenue,Rashaant,SM97 J552 5937 595O SL3Z N13G TJX,uschaffelp4,LibDXul
Laird,Edeler,60961 Northfield Point,Nunleu,FR21 2184 3451 57HU QLRN QXTG U39,ledelerp5,8gKncfnSzR
Dom,Gladtbach,5 Straubel Center,Shirahamachō-usazakiminami,FR71 1790 2667 78U4 TAXM JENK L54,dgladtbachp6,rNgcVEEF9
Laurens,Chesnut,99 Sullivan Point,Bentiu,IL72 9517 1010 0229 0707 953,lchesnutp7,vnpsZ6Tj
Valle,Barracks,573 Ruskin Road,Touying,NL95 CRHP 3055 7452 78,vbarracksp8,Cchg2Itq
Tully,Langlands,5263 Grover Circle,Yihe,KZ77 3908 1PS1 OJQE CJ6Q,tlanglandsp9,7B5cFPJZs
Bret,Dosdill,540 Claremont Court,Texistepeque,CZ92 5944 8756 9627 4490 5848,bdosdillpa,TWqrNmZgV65V
Walther,Davydkov,7459 Vermont Drive,Nevinnomyssk,IE84 YPWG 7310 5204 8321 44,wdavydkovpb,ePfw7Viq1
Farrell,Ludman,8417 Dixon Plaza,Washington,DK43 2425 8274 4230 45,fludmanpc,INHmQA
Holly,Bayne,09 Graedel Drive,Wierzchosławice,ES79 3568 5134 9458 0559 9875,hbaynepd,qb0adS2SQwc
Hamil,Brandoni,45442 Hoard Street,Bor,DK79 7086 0101 0262 91,hbrandonipe,sOOqbLzQA2f
Rudie,Cleef,62398 Caliangt Hill,Nàng Mau,PK89 RXJC W5D6 D86X SWNI JSH4,rcleefpf,odrxscAEPDQ
Corby,Twigg,7 Alpine Circle,Ragay,LB85 2762 LIKF HTIO D71A KWSI JNEI,ctwiggpg,wB2WsugA8WV
Beaufort,Piscot,14279 Oriole Center,Huangxi,GT20 PXKB YY57 HWFC R79C OO66 CP3E,bpiscotph,na0gBzTlI
Leupold,Hughland,9722 Novick Court,Temblador,AZ11 XYXG P2NY DMNB ZPUQ X2HG 5DIO,lhughlandpi,lZlFLRUWJ
Kalle,Goodfellowe,5716 Dapin Parkway,Mílos,LB34 4132 3GFN R9W8 J3A1 95II JWUU,kgoodfellowepj,t4C9sc7hHLhU
Peadar,Shillito,62 Oxford Avenue,Manturovo,MK39 655R OKX3 BUHZ D62,pshillitopk,WL5RkbMRnADC
Randall,Buckoke,882 Pankratz Point,Gewanē,DO07 HXWX 0573 2527 2053 9974 1278,rbuckokepl,IqxsIOVeqY
Alvy,Buddington,36758 Carioca Drive,Jardin,EE56 3105 1469 6462 5514,abuddingtonpm,15hZqrgjaR
Mordy,Moyler,36 Becker Court,Virginia,LV93 VTGH BJZL EEXW CPCS H,mmoylerpn,o84g1K
Talbert,Gadson,65 Lakewood Gardens Circle,Kamenjane,BE66 2273 2696 0151,tgadsonpo,Zpe7rCh9urQD
Byran,Tomini,1 Pankratz Crossing,Montpellier,AL41 2909 0891 CXJ4 98R6 MBLN JQYZ,btominipp,vfp3xcFZn5
Osbourn,Westfalen,846 Chinook Plaza,Inđija,FR60 8010 6367 54B6 88GO HJSO F08,owestfalenpq,YNXoB2dLz
Bryanty,Bryan,210 Novick Park,Jianshan,SA57 87RR GQP9 9JOD 93C8 NCJG,bbryanpr,mfYewd9
Henderson,Gullen,1 Basil Way,Chengbei,EE35 6902 1102 8656 0235,hgullenps,NzdCTSCrob66
Randolph,Furmenger,4201 Gale Road,Puerta de Corral Quemado,GT16 1E7L KXRS GPT3 XJLL OWHM RP6A,rfurmengerpt,3rzHKayt
Lon,Searston,440 Maple Place,Srubec,AL64 9929 2682 Z9S5 LLW1 FL9P KFI2,lsearstonpu,IBDhJwN8g0A
Brant,Gerry,122 Upham Junction,Pidvolochys’k,LT13 4720 8517 1750 2722,bgerrypv,z6eKW9
Bev,Bosomworth,5 Melody Court,Boca Raton,ES70 4895 9564 1772 0600 6226,bbosomworthpw,Sl5ypTRP
Field,Shearmer,343 Park Meadow Lane,Plérin,TN28 5807 4669 7446 8983 6702,fshearmerpx,2AAdzig0ro
Arthur,Van Halen,19 Center Place,Bancal,AE10 1543 3913 6958 5802 024,avanhalenpy,fuR4eyueVs
Christoper,Dahill,13467 Riverside Court,San Cristobal,VG16 TVUK 2896 5733 7185 2875,cdahillpz,V8PrKl01
Hinze,Bembrick,736 Westend Lane,Fak Tha,ME15 2793 6289 2899 8751 28,hbembrickq0,m2YKetC
Gay,Shurlock,9488 Nobel Court,Rízoma,SK28 2327 3241 6711 4064 2620,gshurlockq1,Me0uKpcjDyMU
Ollie,Heberden,04 Basil Drive,Fujia,LU98 850I CZGH 8LBH GLDV,oheberdenq2,iglPncT
Devy,Plaskitt,34295 Everett Trail,Mieścisko,RS28 5072 1898 4943 5172 37,dplaskittq3,7WM905jB
Timofei,Ropkins,9475 Logan Road,Osielec,FR13 0056 6149 80FJ BZ2N BDCX E80,tropkinsq4,4Lo3yAp
Gregg,Morshead,9709 Dryden Terrace,Kundung,BG07 ASQN 5420 04DH N6H4 V4,gmorsheadq5,qkAU7asIF
Ritchie,Tither,744 Village Green Way,Nanton,FR54 6819 1593 19TJ XCTW B7QT F74,rtitherq6,Qrql49
Nichole,Meadmore,530 4th Center,Waihi Beach,MU49 BLEB 2105 1143 9774 5311 984U IW,nmeadmoreq7,38qDakFz6F
Shellysheldon,Cartmill,65007 4th Drive,Mayantoc,BE58 1123 4926 1207,scartmillq8,tkVaUOEs764O
Grenville,Mullender,917 Brentwood Place,Labuhanjambu,MU90 OEMB 8114 2579 1780 7169 102Y MZ,gmullenderq9,Z9lTUHn1P
Noby,Pudsall,6193 Melody Center,Yaqian,FR10 7805 6961 46SK V2J1 NNZF Z36,npudsallqa,fRTcBI1q02
Vasily,Tennant,50 Luster Center,Ayrihuanca,NL18 TLPD 1702 1808 59,vtennantqb,qlP24ss9Q
Mose,Tremblett,5777 Talmadge Drive,Roberval,BA17 6581 6871 2669 5388,mtremblettqc,mxpDc8XJO
Hector,Caps,328 Mandrake Center,Wanfu,AE32 5091 2191 7897 9370 944,hcapsqd,cLfD3xrsOF
Spense,Croux,22895 Rowland Hill,Tlogoagung,PK56 SCIF ZTBH UUVN DFUA LSIO,scrouxqe,Nw42lZIwVvO
Husain,Ginnally,8 Hoffman Terrace,Opatov,HR65 5087 1509 8110 5076 8,hginnallyqf,hJ4G9ARGgZ
Ellsworth,Dellenty,304 Gale Drive,Socota,IS05 6488 2499 4692 9999 8141 07,edellentyqg,5dxnU7z
Pacorro,Van den Hof,98298 Anderson Avenue,Wangon,GT02 4KSW PHWU QO9S FQFE NMPJ AYBC,pvandenhofqh,K5hxcA
Edgardo,Philcox,26074 Susan Hill,Xingxi,HU67 1576 6881 3465 0786 4080 5184,ephilcoxqi,z1170TK0sJ
Shamus,Olding,7 Maple Wood Crossing,Boncis,FR33 2304 8384 922V UGIA LGPJ W93,soldingqj,IPlgcQx
Logan,O'Hara,63 Tony Hill,Kirkland Lake,PT91 4558 8513 9510 6590 7318 8,loharaqk,EWhOYg3aAy
Charles,Stogill,600 Rusk Street,Suvorov,TR56 3903 88GA TW94 XVAN 8DKE LC,cstogillql,vUP1MRa
Fredrick,Girardengo,409 Scoville Point,Ruzhany,NL91 FCKA 7640 7618 47,fgirardengoqm,o9Hk91
Cleve,Huby,94792 Marquette Plaza,Mbinga,FR49 6393 9705 884G HXSK FUZO S97,chubyqn,ltpIrGWbw9
Waverley,Cisneros,50 Lunder Pass,Changshan,FR20 5761 4004 768X CZGT HRU2 N73,wcisnerosqo,rf0Afgs
Oates,Ellinor,5 Dorton Crossing,Gaotaizi,ES91 2471 0558 2792 6650 4736,oellinorqp,pb2dMN
Eliot,Scotsbrook,08356 8th Center,Dhali,MU74 QVPK 3019 6670 7083 7614 028M VJ,escotsbrookqq,XsEbq48
Waring,MacAlister,12 Grayhawk Parkway,Staryy Krym,ES82 5259 7660 3890 2461 0624,wmacalisterqr,kYY4MpiF
Alphonso,Gwinn,78 Jackson Hill,Weixin,AL44 3735 5252 UAXV HPI1 FKFY PDM2,agwinnqs,mO8rRu
Denis,Farens,11090 Continental Place,Aubagne,AZ53 ZHFT DQE8 ND3B G9UV 2Y7B SXQL,dfarensqt,D6p3iFzu5dJu
Olag,Nurcombe,150 Pond Court,Stoczek Łukowski,FR02 8152 0628 42NO XTQN EOBD N09,onurcombequ,zP2Yls0UOg
Keene,Sollett,46116 Gale Circle,Osogbo,FI08 5964 8699 2160 69,ksollettqv,miV2x45a
Charles,Bazoge,60491 Forest Run Trail,Aknīste,FR61 2640 0311 09WY V3ZC D5FY 789,cbazogeqw,BlIMD7Z
Trey,Bech,31227 Kipling Center,Binagadi,HU59 9825 0577 3307 6608 5689 0559,tbechqx,ll27Ll
Berne,McCardle,10 Longview Alley,Zdounky,IL85 4788 6543 7427 8472 956,bmccardleqy,HNO9AA7
Dewie,Christer,5794 Mesta Center,Maliang,DK48 8361 6529 2011 28,dchristerqz,pY21it2bLQR
Elden,Blazic,7635 4th Park,Maurole,SE20 0959 9753 3801 5976 2437,eblazicr0,TYNkzfqNJY6
Reube,Stocking,68634 Pepper Wood Circle,Krajan Tambakrejo,FO91 2067 8689 4360 29,rstockingr1,hbrYrYlrXOR
Willdon,Cossar,22936 Hermina Junction,Takokak,FR60 4312 8532 71Q3 BLNR 6WHB Z87,wcossarr2,r5xholX
Padriac,Lakeman,45 Oxford Hill,Mekarsari,LI32 2580 02FY QGTG ZEH5 K,plakemanr3,E2n2OYj55JD
Michale,Holt,69 Meadow Vale Plaza,Sokol’skoye,EE18 4524 1163 7851 4472,mholtr4,z9L8HR
Dino,Cockitt,68318 Union Circle,Nantes,FR63 0973 0123 32ZZ QGZ3 0RXU 896,dcockittr5,03szTxZHo
Daniel,Battisson,3996 East Crossing,Blarney,FR35 9179 5787 41F7 WZIW PNVV V71,dbattissonr6,dMInpDmMQ
Dael,Collaton,26758 Nancy Pass,Otaslavice,LV77 NBLT CN9W DAIA VJK9 9,dcollatonr7,hRmsB80Xxk
Trev,Shakesbye,53 Debra Crossing,Bela Vista do Paraíso,IL71 9447 7716 8294 3742 503,tshakesbyer8,eKX6OLN
Cyrillus,Allflatt,5477 Redwing Terrace,Esquel,GT36 965O P4XF 0WOM NQKP IWPC UUEG,callflattr9,akuRWuHu
Skell,Girvan,1 Armistice Court,Otradnaya,PS87 MJVM LUOC XMM4 9BS0 CGDU RFNG C,sgirvanra,izZWS8O
Valentine,O'Henecan,6 Derek Avenue,Marietta,SA71 32HM FCC9 TTI8 MHMO CBJQ,vohenecanrb,aqNs4W
Westley,McIntosh,3 4th Way,Shuangqiao,DK71 0304 0098 2115 88,wmcintoshrc,mJk08Qds2u
See,Foxhall,2 Lerdahl Lane,Milwaukee,RO80 RZUC DZJI ZP10 TRQM LDGJ,sfoxhallrd,3SkhIHSA
Moshe,McGahern,9 Forest Run Park,Mengla,FR27 5374 4238 40AN TPGZ NCRT 779,mmcgahernre,SKiPH1
Moishe,Vasyushkhin,1200 Russell Way,Golina,VG57 QOEB 4101 5020 2109 4824,mvasyushkhinrf,3qA8IWQjYw
Price,Wennington,36272 Montana Junction,Rennes,GB51 CRTT 6454 8081 4424 24,pwenningtonrg,19sno6J9KR
Lazare,Jerams,51199 Crowley Way,Arras,HU84 0768 4040 4688 9207 3529 0874,ljeramsrh,7FMX6Ad
Bill,MacGaughie,1 Almo Center,Kokopo,IE76 MNLI 2548 9932 7379 37,bmacgaughieri,YNHBCC
Dannie,Poppy,6692 Hooker Plaza,Venustiano Carranza,DK77 3443 7914 8570 86,dpoppyrj,XTT5wVK
Vasili,Dyhouse,049 Evergreen Alley,Pogranichnyy,LU29 201F 5ABR WSIR YFHE,vdyhouserk,BVHDjxSMLp9
Pate,Workes,111 Merrick Street,Berlin,ES70 4647 9464 8356 8010 1624,pworkesrl,I7iaizjkxxj1
Irving,Cranney,10894 Eagan Junction,Heku,AZ68 ZOUZ NVYT HBR4 QT0I T6Z8 RGZZ,icranneyrm,2S1WgKnL
Mycah,Pinnick,7488 Ruskin Trail,Bom Jesus da Lapa,ME74 4301 5472 7595 9141 87,mpinnickrn,SrsIEx2upwrH
Orton,Titlow,0915 Hayes Parkway,Gueset,BE67 3908 8089 0551,otitlowro,CYbv8vWRt
Marco,Warrick,12796 Fulton Junction,Renhe,PS04 BGIQ 7YFR KYM3 NT9Q 696P H3DP P,mwarrickrp,ybMLtE4K
Delmer,Jesse,77 Mandrake Avenue,Chixi,FR66 4641 4746 41MW OJ3R XP4W J74,djesserq,Ziw3EoGmu
Karlis,Withur,441 Ryan Center,Matsushima,LU33 835S T9NR SVRO LXDS,kwithurrr,noaJzi
