Ime_priimek,Naslov,Mesto,TRR,Plača,Število_ur
Wakefield Daubeny,5 Beilfuss Hill,Semambung,AL11 0348 5386 HUW0 DMI2 VXP5 HXMP,4352,123
Tootsie Chafney,51420 Cambridge Crossing,Mozhga,MK35 709M QNVZ IS7Q V16,5000,132
Trixy Blagbrough,75 Northport Place,Namie,SE75 2208 4472 8644 0572 0873,3426,117
Glori Abramovitz,99593 Hoffman Circle,Coishco,BA04 5947 1850 7523 4577,2772,125
Clarita Goodred,7 Scofield Point,Gus’-Zheleznyy,FR26 1982 7817 18MF YWRC WRTQ 195,1535,107
Frasier Brownlea,93 4th Park,Samanco,GI14 KYSQ YLM2 ELKW P2TR HLR,2250,128
Dare Albon,5 Hazelcrest Way,Skärholmen,VG06 IUHD 6646 0139 6924 0484,1551,150
Morgana Cohrs,64 Shopko Center,Staré Hradiště,SI72 2597 1563 8071 812,2757,123
Eric Dowden,8 Everett Parkway,Huaniao,GR44 5090 716I EBNV 6CDR UJSW SKF,1628,109
Bibby Fretter,7 Graedel Trail,Zwolle,MR11 3678 9545 3299 2571 8044 330,4657,100
Silvano Rowsel,3 Stephen Trail,Kutapanjang,FR51 0327 2429 55B4 YBSI 39DB H74,1607,107
Bradford Moline,293 Schmedeman Hill,Juupajoki,TR04 7944 4XIF I80C IDHU OTCH PK,2287,130
Anselm Panons,743 Harper Court,Nueva Ocotepeque,MD05 I5NN QMUY YBAV N2PI W7CH,2891,119
Marilin Wressell,9 Huxley Court,Kalyny,LI06 6198 037T CHNY 7D0O D,4192,111
Jules Burnell,24568 4th Circle,Comalapa,MT63 XPMD 5828 4SRH G0T7 WIVE OEB6 OFO,4780,117
Katya Antic,44630 Summit Pass,Tireman Timur,FR75 7218 1398 93ML KN0N SKYM G25,4001,150
Avis Gallemore,8 Fulton Parkway,Agat Village,DO49 EEEY 9279 7131 2039 4172 5343,4153,130
Nicola Brokenshaw,85 Emmet Crossing,Tsu-shi,DO74 KMXS 2736 3374 7051 2887 7821,4069,125
Marcie McClune,37137 South Drive,Zongzhai,FR46 8838 0143 56FV 6L6M XHBD Q62,2630,126
Brenden Bragger,542 Badeau Court,Beppu,PT06 2688 1490 3899 0228 4428 3,3056,119
Filia Loding,9375 Merchant Alley,Unidad,CY30 8453 2401 2X1W KZZR BYWU XSYB,3693,132
Arte Pattemore,57421 Cottonwood Lane,Knoxville,GB16 RGMT 4636 4935 0483 94,4823,137
Baxie Worledge,157 Sachs Parkway,Santana de Parnaíba,FR33 4988 0650 09US QDFC NKBP 428,1577,153
Lois Fellow,157 Merrick Point,Shiyuetian,GB31 TQMH 8275 0367 7232 56,2355,108
Ewell Mowsdell,2 Bultman Court,Haarlem,MC62 1671 4163 88ZK K8XY WGPB R61,2568,131
Fanechka Decourt,5 Badeau Park,Bima,FR47 1144 5062 425M 0WD9 GJMT 437,4326,149
Worden O'Harney,039 Summerview Point,Thị Trấn Phong Thổ,NL75 JLMU 1276 5021 57,3636,128
Flem Westnedge,7198 Luster Lane,Yuyue,MU61 GZXH 2930 7788 9110 1073 602V LT,3983,159
Fanya O'Drought,1498 Stone Corner Way,Debre Tabor,AD53 4891 9118 GOLQ 3I8P NCKH,4987,131
Odilia Finden,04 Kinsman Trail,Lazdijai,FR30 7530 1424 62FO YG2B 9IUM F92,4310,132
Lauren Freyne,96 Haas Street,Río Ceballos,HU49 0375 4535 1745 5483 8264 7885,4048,104
Sarge Egger,95 Pennsylvania Terrace,Yongjiahe,DK78 4952 5098 4823 14,4099,144
Kennie Tappor,6 Anzinger Point,Safara,AE84 5271 2180 1021 4992 441,2695,131
Stephana Davall,9840 High Crossing Terrace,Gävle,LU45 207N 2NLE 2POJ TIDG,3469,117
Nathalia Ondrus,574 Laurel Trail,Río de Jesús,SK06 2845 2772 9231 5102 0108,2351,144
Georgina Lowater,33910 Quincy Avenue,Dongsheng,IT35 Z690 5653 265S W8AO EBB0 XHO,4898,120
Anett Robillard,5 Division Avenue,Hongjiaguan,HR70 2128 8144 3889 6147 4,3051,140
Avrom Higbin,9976 Springview Street,Sumberbakti,FR07 3665 0521 61XT LIMX BIMQ E82,3331,105
Star Killner,5 Spaight Alley,Demir Hisar,FR85 2277 1116 54GS 4BT7 YPYS X77,4455,141
Rockey Croley,8 Starling Way,São Bartolomeu,FR64 3334 5487 92IZ LD4A 6QAM S70,4324,133
Noell Golley,8 Crowley Point,Ronneby,FO59 1461 0406 0435 32,3481,104
Dorey Skehens,14330 6th Junction,Gengcheng,RS81 5563 1050 0797 7972 08,2866,111
Easter Rangell,018 Hollow Ridge Court,Campos do Jordão,HU97 9109 5682 7220 5208 2275 1493,4901,148
Sibel Kurton,51 Morrow Pass,Likupang,CR65 0649 5945 6851 6482 3,2986,101
Darcy Colquyte,9389 Barnett Crossing,Janaka,SM35 I699 2811 455I WKRD 4JTG KA1,2990,156
Farleigh Caltera,7413 Coleman Parkway,Skaryszew,MT86 XVMS 6776 5VNP 51SR VU1T 1VOZ CS8,1718,105
Davidde Turbern,37480 Beilfuss Lane,Diaoling,RO59 QBHB 45YP PGFQ QLWC Z7GT,1787,117
Gallard Nordass,6289 Larry Center,Bang Pahan,AD34 7432 1842 GKUB UQPR MDP8,2517,107
Beck Kinkade,4 Messerschmidt Road,Yukou,BR17 2336 5045 6430 3142 7267 630B Z,3289,134
Herrick Sand,83 3rd Court,Mondragon,PL91 8895 8031 4931 2445 5326 8909,1951,155
