Ime_priimek,Naslov,Mesto,drzava,TRR
Giffie Backes,852 East Point,Baltimore,US,GR82 7101 018N XYDB 3DWR AHQR WUX
Brynna Adey,10126 Hoepker Junction,Mariposa,PE,CH08 0576 8HBJ 8OVW FNPE 6
Christoper Baruch,93444 Jay Plaza,Tsibulev,UA,MK61 6542 JKGP XHX0 D06
Maurene MacNish,190 Scofield Road,Altay,CN,DO31 IUSA 9382 3893 3928 2105 6386
Lazar Tunn,3 Hoffman Plaza,Przeworsk,PL,MR81 3791 6431 1782 8403 6422 455
Hamilton Falco,6200 Forest Crossing,Jiangdianzi,CN,FR66 0370 9371 47RY 8BVI O586 F55
Colline Gerritsma,494 Coleman Lane,Nyahururu,KE,EE96 1845 9804 9262 1742
Shanan Ruddick,8739 Spenser Place,Nyalindung,ID,IL02 8025 3784 8687 3724 292
Ernie Wistance,88 Kings Alley,Dongzhou,CN,AL60 8768 7298 IYAS 9P4H QW2F 15HF
Vail Yateman,653 Fulton Court,Salavat,RU,TR03 8920 6CYF DLRX GWAJ 5ENW PS
Ambrosio Buttler,270 Park Meadow Crossing,Liuxia,CN,SK61 8967 7097 0657 3884 2060
Judy Waleworke,8072 La Follette Plaza,Itaituba,BR,RS67 5715 1897 7676 8947 81
Viviene Rumsby,64 Brown Avenue,Yaozhanzi,CN,BG75 BBGR 5714 91AD EHAY ZN
Gerri Lehmann,3 Artisan Plaza,Kokubunji,JP,AZ21 EMMJ RZUI 4PRJ QGQX QOIF OWUS
Rayshell Lauks,671 Hauk Junction,Machachi,EC,SI58 9863 3314 5858 577
Cletis Wedlock,843 Bartelt Way,Destrnik,SI,FR61 8263 0474 14LF CRSQ P2ZJ C29
Evita Samweyes,42 Blaine Terrace,Kunyang,CN,KZ98 904T F3SO BAZU DZII
Craig Figin,013 Del Mar Court,Ganlin,CN,BR56 5159 2140 5673 6968 0997 591P K
Jyoti Skelington,73477 Grover Park,Ploso Wetan,ID,LU09 784T 7FXR U1TN P213
Oran Waison,67 Independence Avenue,Landázuri,CO,VG06 KSWO 3307 5303 9963 9714
Catherin Arton,32380 Spaight Road,Rodotópi,GR,CR52 4677 8674 6187 0895 6
Orelie Musselwhite,6449 High Crossing Street,Atok,PH,MC80 2965 7365 16H6 VCTZ 5DLZ Y10
Dilly Chetwind,40735 Beilfuss Way,Chenjiaba,CN,HR17 5964 0134 9203 4214 7
Reagen Makinson,83 7th Avenue,Trat,TH,GE35 MQ64 2333 3333 7307 14
Nickolai Sutherns,6630 Maywood Way,Qiaobian,CN,GR02 3415 430K CQDO 1GKW LF5C HJQ
Jill Gocke,24640 Arizona Park,Lanlongkou,CN,GI59 TDCC DTON SQ2I K7PV O0G
Conny Eaddy,6320 Continental Road,Kriel,ZA,FR05 7737 0734 46F9 8KZQ IDX3 251
Parrnell Clancey,58 Lakewood Gardens Drive,Qīr,IR,CH91 9356 32MR BDGU 6SWM M
Brenden Greatex,75976 Garrison Court,Jiangkou,CN,CZ83 4811 7500 1975 1749 2396
Lenee Sazio,2454 Garrison Hill,Zhangzhen,CN,LI79 4795 6R1H CLBQ ZBJM Q
Theadora Claessens,5 Green Drive,Rio Claro,BR,EE29 9637 2049 3973 9647
Hube McPhillips,28 Ramsey Avenue,Sedatiagung,ID,PK54 LEMH SXAA FVGQ 2NII D3RW
Anitra Liston,7304 International Trail,Ngudu,TZ,FR37 1392 7312 43OU XRGE PZVD Z33
Karyn Wreath,55260 Hintze Trail,Pushkino,RU,ES64 8247 0427 7745 1127 9692
Lita Legat,90 Helena Avenue,Maoshan,CN,TN74 6096 6591 1893 2320 4498
Petunia Lettsom,2 Killdeer Avenue,Sueyoshichō-ninokata,JP,GL65 4941 9274 0134 17
Bibbie Fosdyke,36 Jenna Point,Pashiya,RU,GI78 RNFB 9U8Z TRIV 9WYM K17
Falito Pieper,3 Dawn Avenue,Saravia,PH,GI83 RWWQ SA3L X79K AF8H ADZ
Enos Ballintyne,74664 Marquette Avenue,Huayuan,CN,MC70 9282 2353 56Z6 IEPK N7SU P66
Ado Napoleon,487 Namekagon Trail,Beicang,CN,HR69 4558 7047 3946 6264 2
Avigdor Czapla,6 Lakewood Gardens Pass,Gouyan,CN,LB49 7485 IXQM A7IZ 9NBC PCU5 JR2L
Sonya Wooton,41088 Goodland Plaza,Garland,US,IT96 Q883 6120 4142 OYJ9 Y3CE ISZ
Lydie Snoddon,9 Buhler Way,Karanganyar,ID,GB98 QOBV 1527 6895 2226 15
Meara Frigout,9120 Fairview Alley,Ouyang,CN,KW78 OTRE YMXP O1RZ QO9T 8GRV Z6R4 9J
Alvinia Antonazzi,015 Bartelt Hill,Lacombe,CA,CY29 0332 8517 YRYM PI2N AL1X ONCS
Nelli Cornwall,386 Oneill Hill,Sigu,CN,BR62 3119 0374 2892 2266 0824 665V Y
Tara Churchard,5 Debra Drive,Līkak,IR,GI66 MQED VZRL JCET QAQG 85X
Matelda Uccelli,2 Drewry Court,Albion,MU,SI98 1787 9875 7522 543
Elna Pownall,49 Eastlawn Park,Rrasa e Sipërme,AL,SM94 B927 5014 8543 1WMJ SDQL FKN
Riva Komorowski,9 Buhler Park,Akwanga,NG,FR62 5857 2476 05O4 J3Y0 JT3W B75
Allister Element,04 Shopko Circle,Dieppe,CA,GT87 AOEG H52F 7F3C DRUK J41C IT6W
Danila Spindler,40 Oxford Terrace,Báguanos,CU,EE53 6897 9685 3180 0533
Christiana Housecroft,3762 Superior Street,Daraitan,PH,ME87 9244 6856 6778 9293 24
Vinnie Malkinson,4 Vidon Parkway,Kabulusan,PH,IE65 CYIQ 6326 8742 7719 63
Trixy Eggerton,9554 Brown Court,Sanjiangkou,CN,FR36 8847 6206 57OZ IKCS NNIX E31
Elden Dalwood,9 Huxley Plaza,Marapanim,BR,FR10 3811 0709 94RC KPHK ZLBD 022
Kerwinn Schulze,9467 Farragut Place,Baiquan,CN,RO59 GUFJ UZJ0 VCGC OJCU NI0Z
Stephani Dewdney,32631 Buhler Terrace,Rathdrum,IE,FR29 3544 2272 04WP AMSO O8SU 638
Nadean Blondelle,22 Sauthoff Center,Abashiri,JP,FR02 2948 9973 50WX REDB OHGT N75
Coleen MacCook,2390 Lillian Drive,Rokietnica,PL,DK67 8453 7838 4928 69
Niko Ullyatt,53 Delaware Street,El Guamo,CO,FR32 9746 9245 53GZ DORU MXAN R89
Wilona Lace,72737 Golden Leaf Alley,Wiskitki,PL,KW60 JKOQ N8DW 1NNX MNVL CCI9 ITND WT
Bessy Brinsford,0 Truax Court,Twyford,GB,CR54 8438 8121 0038 6086 3
Ansel Kahler,72418 Manley Circle,Yaodian,CN,LU72 462F RKPD OZCP CJYT
Illa Goodisson,99 Boyd Park,Xia’ertai,CN,BE98 8706 8641 8549
Raynor Eyes,0856 Mitchell Place,Norak,TJ,SA16 48VQ RRDP SXW3 6J39 14DK
Giacopo Pargiter,7052 Helena Alley,Pietermaritzburg,ZA,DO57 V0HY 8483 0412 0534 3508 7176
Chrysa Tabour,13 Northwestern Parkway,Oromocto,CA,DE76 9095 7152 0797 4164 63
Ham Eastman,7392 Burning Wood Parkway,Oliveira,PT,IS69 7403 8764 8211 8380 3853 14
Mirabelle Love,665 Novick Pass,San Lucas Tolimán,GT,BH32 RQQI YVCP EHDQ Q4N9 GD
Chen Crimmins,05553 Prentice Pass,Bāglung,NP,FR49 5371 2214 36RE XXRM GNHE Z68
Zak Yakubovich,40 Schmedeman Road,Suresnes,FR,DE75 4511 2808 5245 0978 31
Joey Dressel,015 Atwood Point,Chelyabinsk,RU,HU60 7982 2566 8836 9310 2931 0567
Emera Vamplew,38 Hollow Ridge Trail,Katy,US,NL78 MZUW 2604 4344 60
Tobe Splevins,50406 Swallow Point,Comalapa,GT,DO94 QO0H 0261 7544 9330 6196 4228
Caesar Mattedi,05 Gateway Crossing,Ponyri Vtoryye,RU,GI45 PVUR QDCK YYKI SPVR WXL
Gigi Gannon,27 Green Ridge Trail,Malvern,JM,AT52 3488 4970 9202 7542
Ibbie Spering,9025 Fuller Plaza,Osby,SE,MC09 4755 0499 658N Z133 MAWI X64
Sig Sheward,462 Starling Plaza,Lonpao Dajah,ID,HR30 3025 0787 5990 6710 7
Renard Dusting,88632 Truax Terrace,Dunlewy,IE,BH55 XGDL FFEX C8II G1PR IZ
Curcio Sprague,559 Daystar Avenue,Tofol,FM,BR89 2068 0656 5405 8635 7733 938J Z
Natalie Orht,507 Red Cloud Junction,Duifang,CN,IE08 PDES 0620 7861 6560 64
Alyosha Fritchly,4 Westerfield Plaza,Tomaszów Mazowiecki,PL,MU96 UFTT 1045 0915 2717 9912 260U IP
Logan Hext,30 Bluejay Parkway,Lipka,PL,BR35 2644 3325 5181 4745 0447 674X J
Thorny Gensavage,84126 Daystar Road,Tacheng,CN,LU52 248X UBK3 SSH6 2AHQ
Carma Quoit,3699 Northfield Road,Tiebiancheng,CN,TR31 9987 1W4F 0WH1 X7OL WBK9 GG
Isadore Blasing,2524 Schlimgen Trail,Malanje,AO,GB45 CTZO 0541 5916 5281 51
Morna Linden,8096 Spaight Hill,Monrovia,LR,GB13 JSON 0512 6706 1954 33
Ferrel Oger,235 Pepper Wood Circle,Wrocław,PL,IL82 2826 7683 4606 4664 471
Hetty MacCague,28 Scoville Alley,Kungsbacka,SE,IE45 XOAJ 3405 7801 4479 35
Marnie Conechie,2 Vidon Parkway,Media Luna,CU,SE81 7736 9587 8418 1787 1738
Fanny Doubleday,04105 Boyd Alley,Minle,CN,PL24 7422 2685 0546 6900 0011 9909
Meris Mowlam,1 Meadow Vale Circle,Lansing,US,LV50 QSLJ RGSV XMC2 86ZH T
Ora Garralts,98 Ilene Court,Karangasem,ID,ES04 2668 0887 4432 1418 9644
Haskell Bootes,55985 Saint Paul Crossing,Muyuzi,CN,AE51 7888 6506 7138 6848 668
Bowie McNess,70757 Merchant Parkway,Iniö,FI,FR81 8777 8696 34LA SB5V FN7U 038
Elset Derricoat,71915 Mandrake Park,Matagbak,PH,RS21 4506 7062 4877 6588 87
Son Loyndon,69 Hauk Hill,Zagórze,PL,DK16 1363 3197 6794 81
Hansiain Lithcow,72 Rockefeller Hill,Borik,ID,GE90 OS57 3152 1529 4338 87
Sloane Knight,756 Northridge Terrace,Shkotovo,RU,MT33 FZZP 3625 6QN1 WFFR 3ZOT ZY5M 4QQ
Jecho Daid,30 Sunfield Trail,Burnaby,CA,CH82 2014 6PEB UID6 1UNK M
Zonda Coppard,26320 Prentice Road,Dūāb,AF,MU57 TZSS 5977 9592 8410 4936 386X RP
Lambert McGavigan,0 Buena Vista Road,Oshawa,CA,SE54 4447 6522 0670 6807 6817
Mercie Romney,6 Amoth Way,Šilheřovice,CZ,AD79 3648 7541 GFEL 1TDW P8GN
Audrie Bennington,3563 Moland Court,Šimanovci,RS,MT77 RGJM 4546 6YXX 12SR BIAK E3ME N70
Jewelle Llewelyn,2 Kim Drive,Yunyang,CN,EE19 6896 4708 6721 0371
Aile Langridge,8 Spaight Crossing,Sokol,RU,FR49 2240 5320 45R7 DKXQ KBQF N47
Mar MacAnellye,1006 Oak Road,Trảng Bàng,VN,FO05 3714 5429 8160 16
Ingar Lurcock,589 Express Plaza,Bandungan Timur,ID,ME50 2946 2040 2720 3479 46
Johnath Goly,84 Amoth Drive,Pombal,PT,CR94 7319 4467 1050 4276 6
Lionel Caldicott,1376 Waubesa Center,Karangpao,ID,SI93 3424 2015 5175 909
Roger Whodcoat,0141 Luster Hill,La Aurora,MX,PL07 4594 0251 1441 0843 4464 0849
Gerrie Glassup,51 Bunker Hill Terrace,Longjin,CN,GT71 SXTB F2NY 4SJV 0OVN KKD1 TP4T
Rab Popple,3213 Corben Plaza,Cortezia,PT,CY78 0546 4304 N4AB OWSK FQXP JBZC
Zita Gonnelly,86 Gina Crossing,San Simon,PH,SI27 4246 1823 4696 468
Eleanora Poller,8516 Sommers Center,Łęknica,PL,AZ95 YUZB S1TD SRY4 Q9EC QVA7 JXEQ
Gordy Heninghem,9548 Vera Way,Ili,ID,LV08 RFLQ PHGX SV8O PVRC T
Eva Philipsohn,4390 Hauk Junction,Lamadelaine,LU,DO66 3CDN 2167 1290 8831 4361 0772
Alana McLaine,0 Sugar Circle,Heshi,CN,GB10 BKPI 1158 4128 3098 22
Maxie Greally,3383 School Lane,Ituiutaba,BR,MU48 DELL 9416 4631 6403 0956 449X TD
Nicolle Loude,979 Hermina Street,Ibaté,BR,PK55 GBNM BU8S BEIP LAT1 NXJI
Clarie Poulney,58196 West Trail,Turtas,RU,ME14 3382 6273 3458 5013 72
Hardy Ygou,0 Carioca Center,Luz de Tavira,PT,KW59 EQTC KXWJ GYNE OPMT IGTT V0WX YI
Mureil Baxendale,254 Redwing Pass,Bei’an,CN,IE33 DSRX 7156 4132 2989 94
Kiah Romain,59768 Banding Center,Aurora,US,GI34 YQGU 4KZJ O0QJ 6QLT KN9
Welch Margrem,405 Ohio Drive,McKinley,PH,PL04 5280 0708 1726 0072 4679 4647
Adolphus Snary,042 Vahlen Place,Ozurgeti,GE,SI65 7071 6733 4279 787
Lucienne Stebbin,140 Schiller Circle,Bula,PH,EE71 2036 8026 6936 5886
Danny Skillett,37976 Montana Trail,Malummaduri,NG,FR29 6301 3249 55VV 14HF XV3L B41
Carla Swayton,70008 Gateway Lane,Engenho,PT,GB42 FUNC 3377 4687 0462 63
Jeff Screeton,6546 Lillian Avenue,Đoan Hùng,VN,MK84 919T EJU1 BOYL C60
Deanna Eastment,350 Sunnyside Point,Ma’an,CN,CY22 9061 5799 GHUS ADVX JUO9 VMJ2
Linoel Bradnam,173 Mosinee Parkway,Katrineholm,SE,MC77 0112 2873 39QO OFYI H2YE S53
Aylmer Pfleger,56 Valley Edge Crossing,Stockholm,SE,GB94 HSXK 1888 6472 3788 99
Callean Ricciardiello,86713 Hoard Park,Llano Largo,PA,GE81 TH64 5940 7995 5093 63
Ninetta Molfino,4 Kensington Terrace,Koronganayam,ID,LT21 8503 3416 0016 3401
Vlad Eustace,13350 Cottonwood Center,Yuxi,CN,AT17 4269 6492 7257 8748
Gannie Gatfield,5 Sycamore Center,Longju,CN,IS28 4223 8502 9645 5762 2466 84
Law Petrillo,2504 Nevada Court,Salingogan,PH,DE09 2096 5392 4651 9476 29
Roseline Kittman,607 Sauthoff Place,Sérvia,GR,LI95 9368 7RFU 198U OCKX Y
Raychel Codi,974 Rigney Hill,Jixin,CN,ME61 1150 4980 5251 7013 77
Nanice Rove,2 Clemons Alley,Badajoz,ES,IS90 9339 2741 9532 5382 8365 46
Goldarina Hasty,0216 Kensington Parkway,Chengdong,CN,FR67 6353 1243 58ZV 62TW P42P G99
Milly Bentley,1323 Muir Circle,Batken,KG,MK33 9811 YTJ5 6TFQ O13
Florida Gange,5 Lawn Lane,Basar,CN,PK33 DSRM ZMUG YJ8G JNYE N9ND
Sal Choat,10982 Westend Road,Jeminay,CN,LI78 6516 4NKK 4OJZ LODV K
Kelli Flury,419 Petterle Alley,Moita da Roda,PT,DK80 5398 4505 4334 64
Romola Griffen,9 Autumn Leaf Circle,Malati,ID,LI06 7375 6BVL TSLR K8SE 3
Dorey Grono,11 Talisman Street,Kolirerek,ID,FI13 9319 8497 5012 98
Cathlene Vicarey,725 Surrey Center,Trostyanets’,UA,IL03 6860 5911 5211 7086 225
Raviv Smallshaw,2 Dapin Lane,Magugu,TZ,IL23 9149 9039 1399 1755 480
Blancha Lamps,380 Vidon Court,San Ramón de la Nueva Orán,AR,PT81 8659 1996 4563 6108 2714 0
Gilbertina Calvie,61936 Dovetail Point,Qaraçuxur,AZ,CR87 3577 5181 3660 1095 4
Sigmund Willes,2670 Pine View Circle,Jiuzhai,CN,MU65 MXXN 3865 8966 0109 2329 633E LS
Elysee Furney,927 Atwood Parkway,Gbarnga,LR,IT39 R520 4669 0225 SZ4S 2ZCK M68
Alexandros Lenahan,7 Michigan Place,Santo Amaro da Imperatriz,BR,GB32 BOBJ 2201 4576 0254 25
Maggi Joblin,72 Talisman Circle,San Pedro del Paraná,PY,CR29 6075 5224 5954 1356 8
Karoly Matveiko,292 Glendale Road,Mubo,CN,FR37 6113 4586 26MD MGAC TQFZ C08
Karissa Lourenco,91 Union Plaza,Providencia,MX,ME16 4846 6284 5190 1704 13
Nicolas Gartan,86833 Bluestem Plaza,Shangganshan,CN,PS86 OKCC KKGY RLKG M3CE 4ONH EXGM H
Lauren Lilleman,66764 Transport Court,Zhangdun,CN,SK48 9346 4691 3651 7026 9306
Pancho Arlott,0068 Knutson Road,Dulles,US,BH90 JBXD VYJY NURK 8MPV 0A
Ardine Stubbes,5 Laurel Circle,Rio das Ostras,BR,FI20 1867 4488 4834 52
Moss Kennealy,63363 Troy Terrace,Seredka,RU,BE68 7566 0785 0346
Skyler Sinson,1754 Glacier Hill Center,Sarpang,BT,FR37 8378 0731 30BH ODED VNCF 777
Horten Benedidick,24682 5th Court,Bojongsari,ID,FR24 3521 2246 81CG GQN7 BW4B G44
Shela Adrain,7710 Anthes Court,Turku,FI,FR96 2243 7576 95TL AP0T URJN 050
Raymund Syres,610 7th Junction,Saint Louis,US,GL90 5182 0527 5147 47
Robinetta Tradewell,60596 Farmco Terrace,Jetis,ID,BG94 AGTQ 8976 24Z0 UGVS ES
Freda Brussels,98722 John Wall Plaza,Tiegai,CN,HR76 8091 4026 6771 7943 6
Abbe McGreary,69 Susan Park,Tasikona,ID,GB63 JPIM 4503 6051 1912 72
Austin Sebastian,74 Mayfield Crossing,Duko,ID,GI55 HAHD RMCB DIVA UL2Q R0O
Worthington Scrace,2084 Morningstar Parkway,Pereira,PT,GE57 ER64 9874 4222 3301 81
Eustace Brocking,164 Helena Court,Gaocheng,CN,MT30 TOYD 0762 9PSG 61QH 6NDR XLHT VIP
Carolee Le Noir,50512 Troy Alley,Malekān,IR,GE93 NH55 6095 6765 6536 28
Uriel Snalum,36434 Merchant Trail,Gayam,ID,VG72 RQCA 6693 6731 7110 7449
Fanny Cashell,9929 Westridge Terrace,Dobra,PL,BH80 LECN DVOR PW6M G8JG 7U
Kimble Robiot,5 Superior Street,Mauloo,ID,MU11 NBPP 7183 3821 6634 7467 810D PZ
Jacquetta Server,6515 Golf Course Drive,Ermelo,PT,BR79 0132 4804 2647 2528 7652 061B 4
Elmore Anslow,94 Knutson Court,Kuhmo,FI,LV05 OMWL YV7Y 7JCJ REBE G
Brett Kennett,5 Acker Parkway,Ajaccio,FR,MD97 2QVW TXIJ GMKA EJ0V 1AXW
Adan Simmgen,7210 Nancy Park,Huayang,CN,BG85 PIME 1233 545F UEAY GH
Twila Patesel,68 Fair Oaks Junction,Santo Antônio da Platina,BR,PK37 BZMO RK40 4YVZ MVSL X94O
Kassey Wildor,90 Bobwhite Terrace,Longmen,CN,TN42 5945 8891 0615 7740 3450
Myron Calladine,4459 Anniversary Plaza,Abbeville,FR,AE78 0846 6449 4833 1702 897
Ajay Ockland,2 Thompson Circle,Nūr,IR,BE26 2218 4929 1234
Malvina Martyntsev,33946 Butternut Circle,Yelizavetinskoye,RU,CR41 3166 2971 6724 8126 4
Curr Spedroni,99150 Northland Way,Kolomyya,UA,MD25 BPNC XJDB 4K6A VFSN V1L4
Kaitlynn Stowers,508 Hermina Center,Horad Rechytsa,BY,GI06 HSEX R7CS IJ6P ZCQQ VXT
Georgetta De Clairmont,1 Pearson Circle,Lindavista,MX,GE38 LB67 4970 0616 4881 65
Norri Plank,991 Hoffman Terrace,Sallanches,FR,GL39 3430 3576 0435 02
Romy Gillion,18 Brentwood Pass,Shkotovo,RU,IE45 BJSD 0479 5599 0615 77
Dotti Tyre,09 Fulton Center,Józefów,PL,CH98 4143 5DFM HJSF ATHU B
Maximilianus Sumpton,24 Becker Plaza,Kayukembang,ID,LT09 9415 4673 2096 4805
Matti Arniz,7 Tomscot Parkway,Jiucheng,CN,FR69 2589 7367 30AM JRJO ND57 B21
Dane Conachie,2305 Oak Avenue,Segong,ID,FR56 1776 5263 40I9 PJMK T6XD B23
Loreen Cheng,48 Darwin Street,Casal,PT,MR42 3525 5908 7431 0405 1073 174
Bartholomeo Lidgard,64520 Schmedeman Street,Novovarshavka,RU,BR38 8060 7551 6007 6325 0278 607W P
Hunfredo Davidowich,2156 Darwin Avenue,Stockholm,SE,EE40 7020 0967 4983 0213
Gay Aurelius,210 Fisk Plaza,Rancapanjang,ID,NL94 JBIU 7453 2421 61
Brien Dodsley,146 Hermina Street,Heshang,CN,MR22 4607 0972 9020 7969 7759 543
Buck Ramelet,0 Saint Paul Hill,Pivka,SI,AT38 1807 7483 5591 0136
Rena Spera,609 Summerview Place,Karlstad,SE,HR11 5870 7410 7609 8524 1
Marti Leas,263 Lakeland Circle,Changling,CN,PK48 DETH PE7P GOMA TIXN Q3RF
Phillis Foote,6 Portage Street,Imeni Tsyurupy,RU,FR09 3935 4905 02H2 9YR8 5UTR D56
Hallie Penburton,802 Bluestem Road,Espinosa,BR,BA80 8088 2053 2377 7801
Leann Ekless,9541 Spenser Hill,Caopie,CN,FR16 7381 3343 91SK VT0N QRDK 143
Francois Giampietro,7514 Glendale Drive,Opatów,PL,IS96 1668 1586 9853 2445 3255 18
Maurizio Eckersley,49 Holy Cross Pass,Wangzuo,CN,CH89 8361 8EEH CUMY DMGP 0
Lorens Nodin,9 Paget Junction,Paris 16,FR,EE45 2276 4378 2396 8662
Sofia Lorens,6602 Garrison Drive,Houjiachuan,CN,MR91 0154 0011 3250 4800 2182 314
Cobby Howden,59 Stephen Park,Dahuaishu,CN,DE34 0694 1516 8715 2147 13
Maxwell Ronaldson,4 Lukken Point,Kiruna,SE,GT73 7EMA WEMF 4LZT UXXI S8ZR RM9Z
Magdalene Seabridge,060 Debra Park,Albuquerque,US,FR65 0745 2814 22Z6 ZZB8 HLG1 D97
Jasen Forton,74208 Corben Court,Negoslavci,HR,TR80 6132 1HC3 1JJ8 HMAE PRJV XJ
Tessy Dadge,58 Golden Leaf Plaza,Palos,TJ,SM68 P340 3481 7330 ILMC IJSO OSR
Olvan Learned,50749 Mendota Hill,Šmartno pri Litiji,SI,FR95 3918 6486 84BK 5VUF IACE I69
Scarlet Volette,64 Longview Court,Śmiłowo,PL,FR60 0818 7568 714Q E3T1 UUCZ E80
Dene Blaxton,24577 Trailsway Drive,Vistino,RU,IE51 UFHF 8256 4430 6907 19
Geri Easson,14 Pleasure Way,Mansa,ZM,VG05 ULSR 4302 9632 2658 0168
Sully Gyves,07541 Claremont Lane,Sagopshi,RU,LT77 6224 6664 8128 7906
Sadella Abrahams,96 Mallard Trail,Duut,MN,BA78 1136 8355 3603 4758
Kendre Briggs,90815 Center Crossing,La Rioja,AR,AT37 5635 4802 4812 1498
Kaitlin Nowland,51980 Menomonie Court,Tambo,PH,MD09 Y4YE 62P3 55WY 2EJL QFMZ
Friedrich Livard,99188 Sunbrook Place,Brooklyn,US,MR14 7349 4681 3558 9854 6142 640
Wynn Cheavin,06565 Sachtjen Road,Guisa,CU,FR88 2914 4534 68WG DJSF OGNJ 064
Heindrick Tortoise,5523 Mcguire Park,Pingzhuang,CN,CY90 5347 2567 N1JC JHF9 MSHS EQUA
Culley Stellin,13 Bunting Park,Boston,PH,IS15 7770 9561 5687 3397 1208 77
Duffy Cownden,64 Derek Park,København,DK,CH62 1057 0JW1 QUYB PAAP 5
Anna Tyrrell,416 Northwestern Parkway,Vale da Serra,PT,FR57 4104 7825 97RD JUAH SSZB 915
Barbee Gasperi,3170 Nova Street,Turba,EE,FR15 0552 9786 76ID FBIR GNNW T81
Hodge Tebbut,78 Bowman Lane,Xinghua,CN,FR82 1776 5312 75KE I9JF JO3X 455
Lotta Handrek,38107 Donald Avenue,Cibitung,ID,FR47 4500 2923 16QH MI13 PEOC R06
Dan Calkin,4 Sachtjen Crossing,Gamut,PH,FR49 5989 3570 98PX GKVT ILWC A61
Cyndie Prosek,67 Memorial Court,Medovene,BG,GT16 N9CJ DQTX SJKI W0BN YWGQ DAWD
Aylmar Shapero,87 Moland Pass,Yuta,PS,AD30 3971 7380 1LBZ 278G IHSD
Monro Forten,4 Twin Pines Trail,Limón,CR,PS52 YBPG VGL7 GKAY 44R7 CDOL TEQR I
Jacobo Tregust,59 Browning Street,Manuel Cavazos Lerma,MX,ES09 0130 1095 1584 0818 9448
Wiatt Cleminshaw,4574 Derek Point,Saijō,JP,MR37 3806 4198 8433 6745 9174 896
Vina Delacoste,1 Menomonie Court,Stockholm,SE,BH67 MRFD KI6R SCLX LHAF HZ
Patton Rockcliff,975 Northridge Point,Tanahbeureum,ID,LI69 5805 92AN K4HZ T5FN D
Olimpia Grew,8913 American Court,Vila Moreira,PT,LI47 7547 51EP OKN0 049T E
Myca Cuniam,28 Union Trail,Ermidas do Sado,PT,RO64 QGKS KVUT 6EGX SDXP TDD4
Phaedra Weller,3 Clove Way,Brnaze,HR,IL89 5045 5020 9822 1175 262
Rudolf Fludgate,267 Golden Leaf Place,Divo,CI,GI57 YMQW 85BC ZBP8 WKJT EDJ
Rip Benardette,0 Swallow Alley,Shihuiyao,CN,SA80 84XG TQO6 MOMX QUYT KGSK
Lanie Fowley,15951 Derek Court,Angra dos Reis,BR,IT25 I307 0330 138O QH7K MHUR CT3
Brewster Dyte,0749 Blaine Place,Lambayong,PH,MR13 3207 9229 8839 2762 1926 109
Celene Haney,370 Holy Cross Parkway,Boromlya,UA,FR23 0028 1867 91ME BGIE 2LLG B78
Kelcie Maggi,95 Lunder Drive,Corpus Christi,US,BG80 TZXQ 3115 76PD OPID BQ
Shena MacSharry,41 Knutson Court,Shirokaya Rechka,RU,MD51 SQVF LM24 FWBT EE1T YCJ1
Orly Pollett,2658 Twin Pines Court,Iowa City,US,BA94 7348 9977 9546 5738
Linell Brushfield,7306 Lindbergh Pass,Bukal Sur,PH,IT77 U309 8128 423G E2FT 3HMM HBK
Alessandro Abrahamovitz,53382 Homewood Center,Shanyang,CN,AZ78 XDTH U1DF FETX VV2H KJOB KRSZ
Randi Warmisham,8858 Hagan Pass,Dengzhou,CN,MD36 PNQG YA08 MD8H CF4W W8AF
Gerri Cartman,7 Shoshone Circle,Ōmura,JP,HU50 2160 4841 1786 4220 7103 6055
Royal Hains,46 Ilene Junction,Beaconsfield,CA,LB55 4763 ZZ6T 5EWR YXVQ C1WT SZKN
Vonnie Naylor,8 Fairfield Road,Changpo,CN,MR45 6428 0583 8628 2430 6905 855
Shana Sumsion,75 Carey Plaza,Ishim,RU,EE59 0619 8175 4268 6639
Craggie Yellowlees,76269 Jay Street,Yinghai,CN,FR17 0743 2740 75JE WHOW 446S 768
Averyl Very,187 Towne Point,Zalantun,CN,MD91 DRP8 EVS0 GXCA AOS2 KKKZ
Doll Phippen,99354 Bunker Hill Plaza,Zhuravka,UA,LT97 5711 9331 5058 9699
Noell Pote,50 Debs Court,Bolyarovo,BG,FR23 0313 9699 92B2 9VOM ODIY D10
Rafaelita Staton,1854 Sutherland Pass,Saint-Quentin-en-Yvelines,FR,HR49 0955 5270 9531 6397 9
Annabel Kee,9 Spenser Place,Ballinteer,IE,PS98 XHED 1WUK 2E1Y UCRC NM4K 19TA W
Maribel Joslow,8432 Moose Parkway,Las Breñas,AR,RS92 1900 5029 0236 2584 25
Gideon Otham,1 Swallow Crossing,Gal’bshtadt,RU,TN96 6708 0503 0764 1726 0693
Jaime Cleevely,47 Mendota Lane,Luoqiao,CN,FI64 3044 5785 4988 99
Guglielma Stanion,1 Porter Road,Vegreville,CA,GE27 JK86 8600 3352 7094 67
Beniamino Stebbings,278 Merchant Alley,Calauag,PH,MD55 BNCU 2UFG MBFQ AKJU ZVWB
Thomasina Cosh,34 Summer Ridge Circle,Mostek,CZ,CY12 7504 4649 T8LC 2PQZ PHFF TLVZ
Cordy Byrne,00471 Forest Run Parkway,Itacorubi,BR,FR86 9881 1679 55PT MWVI KHD9 G91
Deina Aloigi,14713 Harbort Terrace,Bershet’,RU,BR04 9448 1378 8396 9895 9265 676R I
Vaughan Gero,31369 Melby Alley,Karpokhórion,GR,CY08 1327 9031 C6UD XWLV XKJA N6YG
Malinde Sarsfield,6937 Hudson Way,Cikujang,ID,GR21 0999 628N PCWE COQ8 1DRR NFL
Christiane Mablestone,22 Lunder Terrace,Dakoutun,CN,FR94 8914 4399 36HF NWGS BF0W S08
Caro Arrighi,63 Farwell Circle,Syzran’,RU,MT02 FHST 6955 8Z3F A9RM PDYY T8D6 NQS
Florance Lygo,601 Lighthouse Bay Way,Krajan Selatan,ID,MT89 EDHR 8480 9TMC C8BX YESJ KLWY R0T
Francesco Perritt,4521 Crowley Pass,Dasuhe,CN,FR84 8714 6365 78LU WLQP F934 N24
Bartie Blockey,0889 Chinook Center,Poroj,MK,DO70 6WTY 3835 7736 8347 4973 2711
Guinevere Hidderley,8 Sugar Parkway,Tepal,ID,PT43 1258 8133 9359 8497 3671 6
Margot Dennistoun,06 Haas Place,Bystřice nad Pernštejnem,CZ,PK06 NXST PHOT NUF3 BUGG EC7H
Lek Vaen,3 Jay Alley,Sawankhalok,TH,EE39 7177 3688 7985 1430
Milena Caldero,1 Northport Terrace,Hưng Nguyên,VN,GL69 1688 6482 3615 19
Ara Broek,3 Warbler Park,Wangwu,CN,BG34 YEHF 2870 885Y DE2D 68
Johnathon Vasyanin,0 Monterey Terrace,Lutoryż,PL,BR83 7024 4325 8651 4109 8166 548V N
Caz Matuszinski,7520 Everett Road,Nanpu,CN,MK62 052C YWPN RKZ1 V47
Brena Fynn,17 Warrior Crossing,Dahuangwei,CN,HU50 5680 5638 3258 1661 0703 9300
Dari Heller,81034 Old Gate Center,Mariara,VE,IS24 5996 2369 1394 7430 4040 89
Dmitri Castille,73848 Farmco Parkway,Injīl,AF,DK64 1850 4519 9932 86
Lorena Blunden,75216 1st Point,Piraju,BR,FR98 6687 9972 34FW JKNX JXCQ U37
Liam Hallbord,645 Lillian Junction,Guadalupe,CR,KW22 GMNP QNGJ JPQC GVWA LIBK COTY GY
Scott Powney,3687 Center Lane,Itapetinga,BR,CY96 4048 0133 2S9Z UXSK 8C9T ORKQ
Halette Reeds,83 Sachtjen Court,Gulonggang,CN,MT44 GOKN 2915 1NFI 7RSK 6X8V DHMI QOZ
Rahal Dalli,87569 Northport Center,Argithéa,GR,GT94 FMW0 B9SB I8WK SGHJ 8UUR VXNJ
Em Longland,7 Homewood Lane,Liaonan,CN,PK53 CGFD MVOU K7WV XSRE 7KVU
Sunny Wolfenden,14256 Messerschmidt Trail,Lyon,FR,BH24 EUID UQLK DFI5 JAXC GH
Leicester Hantusch,69 Buell Point,Halden,NO,IS63 4513 1865 8330 4215 1482 98
Persis Sirett,16 Schurz Place,Gurung,ID,CR44 7778 7063 4258 3227 7
Georgeta Clitheroe,24 Roth Trail,Severo-Zadonsk,RU,FR12 0049 2820 855S 7JG8 MHGG 704
Gillan Mapstone,8191 Warner Pass,Coaldale,CA,SE02 3545 7413 3712 8269 6335
Archaimbaud Saladino,65 6th Park,Kuala Terengganu,MY,PT31 6536 2342 1073 4455 7403 7
Cleopatra Culpan,883 Warbler Road,Zhangfang,CN,TR26 7184 6TVL GBDB 0IFV OTRL TI
Caria Falconer,5 Anhalt Alley,Songon,CI,FR48 0179 6122 66OB SKHI H0LD N76
Bale Kernock,95369 Donald Pass,Fanhu,CN,GB38 JTYZ 3259 4116 7734 33
Allison Le Prevost,74890 Briar Crest Road,Vavuniya,LK,ME54 0311 6008 6236 4359 12
Sarette Mahood,4087 Dottie Lane,Tiechanggou,CN,BR73 0489 1202 8638 2556 9867 174X I
Leland Lagen,0814 Summerview Point,Pristen’,RU,FR11 5154 6817 10QO OXQI OAGE Y65
Papagena Crampin,6 Heath Junction,Huayucachi,PE,AD43 9346 4868 AAWJ 7MKD 41DL
Zorah Vedeshkin,8 Cardinal Avenue,Bitung,ID,FR46 4709 9652 08FP 0LSQ PPFQ M75
Milissent Robelow,03 Arizona Road,Sumeng,CN,TN03 2836 1943 3069 2611 7383
Catlin Scorah,701 Loomis Hill,Ruen,BG,FR75 2461 5141 55XL CEQF KQSO 725
Zora Kliche,6 Fordem Pass,Tugusirna,ID,FR10 3152 7626 78B5 VVJR AXB3 C49
Waylon Sloane,998 Cordelia Hill,Portela,PT,AT07 9475 9807 3546 3459
Leonid Burren,66 Veith Avenue,Capioví,AR,MK23 011L RBYE IIH4 M66
Lissi Lupson,8436 Iowa Road,Kazanskoye,RU,CZ77 9779 0298 1651 9072 2315
Natty Ashwood,70 Spaight Junction,Jingyang,CN,SE11 4054 5513 0573 1687 8692
Avery Gentil,215 Truax Street,Khao Khitchakut,TH,AZ67 XFNS JXF6 X4ZB 0KQI KOGL TJOA
Carissa Racine,4792 Lyons Circle,Chepo,PA,CH31 6488 81U7 D3Y9 WSNF U
Mathe Bugden,548 Cordelia Park,Pingshui,CN,PK86 IGRH RZD4 KOFR MELM 7QA5
Wilburt Rabbage,72 Erie Place,Dashiren,CN,FR74 1452 5062 95W2 PMPH TTR7 P30
Gram Cowper,4 Doe Crossing Parkway,Trunovskoye,RU,LU97 782V RIS0 OCT1 5MLZ
Isidora Rockcliff,433 Sherman Drive,Austin,US,MC40 9949 6799 28AH GFG0 3FSF 121
Sadella Devereux,4 Londonderry Street,Pulau Tiga,ID,MR18 7978 9619 0772 7831 4849 517
Gloria Le Fleming,08346 Portage Plaza,Apt,FR,PT17 0424 2577 3113 3431 1881 5
Petronilla Sotham,8 Portage Street,Łopuszno,PL,IE51 NFJC 8057 2348 7960 30
Drucie Saulter,003 Derek Circle,Wanareja,ID,SM17 G514 3512 557F S0UR VXS9 DHU
Ethelin Yakubowicz,71293 Canary Pass,Dalubian,CN,MK23 1877 KBDB 00I7 W85
Nicolle Heaney,204 Novick Road,Shaffa,NG,FO09 3176 8680 8982 83
Thebault Gabrieli,14 Green Road,Erdaojiang,CN,LU23 737Q JVGR RWA0 B39O
Vite Hernik,266 Walton Way,Orange Farm,ZA,CZ03 5900 2725 1986 9935 0787
Traci Dissman,1 Gerald Hill,Mosina,PL,FR23 4453 9493 30CI P942 E82W W73
Alexandre Lemmers,0 Mifflin Point,Émponas,GR,MR33 7954 5652 4023 0749 7318 942
Maryellen Yosevitz,66146 Bunker Hill Terrace,Namysłów,PL,AT77 7556 1739 2183 5578
Val Cheine,017 Del Sol Circle,Medina,BR,ME24 2066 1722 2843 4352 51
Wenona Bagnell,2173 Merchant Drive,La Ensenada,CL,FR87 7079 7989 72A9 JPHL W2YM F53
Norton Gogin,17639 Pepper Wood Lane,Pomahuaca,PE,AL86 0367 5284 NC90 I3EB RBYI QDOK
Val Spiers,53 Hudson Alley,Cigintung,ID,GR07 4454 7265 KJFZ 6PCC QFZN LM7
Olva McKenna,8 Briar Crest Street,Örebro,SE,CY62 7356 9397 AMEI OK8M BVZH BZZB
Tedman Kinane,45 Del Sol Pass,Toksovo,RU,CZ73 8762 5186 2170 9773 9955
Karlen Flamank,7 Oneill Road,Yiyang,CN,BE92 7479 9617 4103
Robby Pennells,9 Sheridan Trail,Chaoshui,CN,IE49 GCIB 0701 1684 3135 83
Reggis Winstanley,3892 Hollow Ridge Center,Martyush,RU,KZ37 795S MQJ2 4RAS G4RS
Bidget Yglesia,76 Atwood Parkway,Rongwo,CN,LB32 3910 OCZR TSA6 9SYW BL5U LKKV
Warden Ethington,2 Fair Oaks Drive,San Fernando de Atabapo,VE,IL82 8073 2988 0024 9326 374
Lucie Shew,523 Atwood Alley,El Cobre,VE,AE74 3620 0320 0500 3717 072
Rockwell Manolov,69 Norway Maple Place,Zhoukou,CN,LB22 3036 63XG JC7Z MRYO IKZ0 CAGG
Della Asbury,47834 Dahle Court,Montréal-Ouest,CA,ME33 0519 7168 3724 8793 46
Keary Eckert,3467 Packers Point,Marilao,PH,KW82 SQTJ LAGB NOFA AS3O 65Z1 R3IA 9H
Edouard Hefforde,9 Everett Hill,Chepareria,KE,GE53 MS49 7812 9093 7265 95
Wang Sloss,6235 Melvin Court,Stanišić,RS,PT23 3611 9290 3724 4038 0871 9
Nicolle Trewhela,8454 Loeprich Trail,Sabtang,PH,MU92 MCEA 8375 1483 3650 0798 316P PP
Valeda Ciciura,0 Butterfield Avenue,Tópaga,CO,TN94 3002 1476 0335 8839 8635
Dougy Elson,5832 Golf Course Parkway,Laolong,CN,IL75 3083 3980 3629 5171 435
Emmerich Markos,18 Melby Hill,Dukuhmencek Lor,ID,NL41 ZRBF 4701 1262 53
Alysia Balmforth,2596 Rutledge Parkway,Banjarjo,ID,CR46 5623 3838 6271 8752 4
Rafaela Demoge,2514 Magdeline Plaza,Bayaguana,DO,FR80 3974 8112 26PX SQUM YTYO 972
Kippie Thormann,9 Mallard Drive,Dagushan,CN,FR77 0935 7751 04U5 LY2J C9EA I51
Pip Wharrier,61 Monterey Hill,Sawangan,ID,GR53 1595 785S NEM8 DGCG CSR8 M0D
Costa Brayson,11669 Redwing Lane,Tuanchengshan,CN,FR49 3219 0866 29SP DPAA SFIG B96
Carolan Menaul,9099 Superior Place,Lusaka,ZM,FR59 3117 3931 3678 JSJ6 U45H J06
Adelbert Chalice,4690 Hagan Park,Karobokan,ID,FR47 5993 9026 53V4 EKTO Y5YE S73
Finlay Sylvaine,8467 Columbus Drive,Bonga,PH,AD21 6928 7902 BVWG AO3M YWVA
Liza Stendell,60 Anthes Junction,Muang Long,LA,NO22 0705 0533 690
Annice Binley,7452 Atwood Avenue,As Salţ,JO,EE73 6310 6252 2517 9856
Damian Colisbe,5 Scoville Drive,Guojiaba,CN,FO83 0004 4970 2274 60
Tabbie Govier,63 Stang Circle,Klaeng,TH,NO16 7613 5715 979
Terrance Borleace,45 Lukken Street,Caicó,BR,LU33 404H NKAU G77T AS6U
Damara Tetla,10399 Gale Avenue,Pandangan Kulon,ID,LU21 634I 6MWT V5O6 X94G
Willey Cownden,57 Pleasure Court,Martingança,PT,FR80 7900 8330 37QP NDX1 2SR0 F89
Leslie Petren,106 Everett Hill,Palestina,CO,FR64 9373 8666 67YI YOP3 H7LV 189
Amalita Dootson,1 Mockingbird Road,Siruma,PH,VG52 MGGR 5016 1151 3594 4659
Martha Kitchin,072 Meadow Ridge Park,Tripoli,LY,FO48 3863 9801 8417 99
Audra Gurnell,47026 Macpherson Lane,Lincoln,US,AL59 5649 5022 5MSD GEED JFNV UGRD
Janetta Shimman,9 Bunting Hill,Pantaibesar,ID,CY76 9378 5910 QOEO I6BU G3NW DP2X
Meggy Aistrop,5406 Barby Court,Plalar,ID,EE38 2927 5295 3177 0080
Catie Ponten,973 Carberry Point,Mergayu,ID,FR18 1584 9850 66PB C4Q5 XP7S 051
Cristi Castellanos,0 Pine View Point,Cangkuang,ID,IL86 2967 8198 8248 5536 576
Ebenezer Garlinge,29227 Grayhawk Lane,Labé,GN,PS97 RICF KHGU SABT CDJW X8FP D7YZ P
Donnell Petraitis,820 Commercial Hill,Yilongyong,CN,AT11 0877 1290 0195 0090
Dawn Brandli,907 Moland Junction,Moro,PK,NO64 2649 9979 072
Hunfredo Whale,5 Lyons Circle,Kayar,SN,SA73 742H GLUC YVMM 4BCW AB3A
Carlyle Gleadhall,84 Lukken Plaza,Bila Tserkva,UA,NL31 XWOA 9650 8930 06
Jeramey Morhall,98850 Menomonie Plaza,Popovo,RU,SK96 9474 3548 6839 2993 7512
Sissy Moreno,8070 Maryland Parkway,Richmond,US,AT74 9394 5824 3852 2580
Jasmine Castellanos,66 Anderson Alley,Libas,PH,GL25 4999 2370 0213 57
Michal Keppy,1 Clemons Place,Youguzhuang,CN,CH20 5170 8MSI 1GYO 4QL5 J
Lily Stagge,9 Donald Hill,Slunj,HR,MD90 AE4F FHZW MQK5 GNOF WPNV
Ardisj Tangye,096 Moose Pass,Addis Ababa,ET,DK19 6124 2471 3290 67
Annmaria Bonnor,42560 Packers Hill,Cepões,PT,ME90 6202 5723 2349 9586 88
Hephzibah Priditt,59360 Columbus Plaza,Cachoeirinha,BR,FR52 6167 3018 37EL QD2D R9SE F66
Sharlene Rable,9039 Esch Trail,Mopti,ML,CR08 3727 0202 5570 5601 2
Lonnie Kneeshaw,324 Schurz Road,Hudlice,CZ,FR87 0437 3266 99FM FDQU G5DK L30
Kristos Carress,990 Prairieview Trail,Kawengan,ID,HU54 0439 7977 1838 7649 3058 5774
Shem Moran,123 Crescent Oaks Hill,San Miguel Dueñas,GT,BR89 3065 3739 8289 6996 2994 433A G
Isabelita Soots,1006 Nevada Alley,Kliteh,ID,AE56 3882 2634 3238 2620 417
Olwen Grzeszczyk,22 Judy Way,Dalongtan,CN,MK18 3599 BYS0 AVED Z66
Aidan Pledge,07 Iowa Circle,Fengle,CN,BR58 0011 5747 4808 6126 1924 024O 9
Mendie McDermot,9 Holmberg Trail,Vikbolandet,SE,MC98 5196 6486 80YQ CSU8 MMAH L20
Joanna Jillings,4775 Clove Place,Arras,AL,EE67 4797 3807 0428 8841
Angela Liddyard,165 Del Mar Center,Itamaraju,BR,VG70 SJMM 6048 0463 3410 6422
Roslyn Bennoe,50 Clove Hill,Imielin,PL,RS98 2569 9377 9567 0636 15
Benedict Dulake,014 Cascade Trail,Parion,PH,HR48 3167 4390 4133 6912 3
Chick Ert,17400 Grim Way,Huangjiakou,CN,IS57 0367 7387 1299 4353 5599 98
Lurette MacAlroy,097 Main Center,Pregonero,VE,DK74 2536 4252 8018 01
Nataline Bauldrey,092 Fairview Crossing,Casa Branca,BR,LT36 2813 3136 9813 9902
Jaymee Size,91 Fallview Junction,Taobei,CN,NO38 0100 1543 853
Nadya Kidder,4690 1st Street,El Hamma,TN,GL60 8800 1240 9389 72
Walther Khotler,78 Huxley Pass,Shuangjie,CN,FR32 9293 2244 850Q 0YLZ 4FVJ 277
Jaclin Dealy,0 Schurz Terrace,Hongshan,CN,CR02 2368 1010 2191 4400 4
Ina Bruckstein,4 Dorton Drive,Zhulin,CN,GL51 6518 5400 4654 66
Valdemar Grigg,07338 Walton Terrace,Zhongling,CN,MC71 7753 8662 76GB JVWM KGXP S37
Tyne Greenroa,77999 Fremont Center,Ichinoseki,JP,GT45 DQ7N Q4TF B732 DZ3R JWPG FRLA
Chandler Getch,7846 Eggendart Crossing,Dongping,CN,SE15 6854 4952 6269 3656 3706
Minna Dowsing,4 Ludington Avenue,Pensacola,US,FR87 3623 9647 227D MAYB SSIO R06
Emilia Olczyk,876 Mendota Court,Minnedosa,CA,DE44 5376 5151 5232 6832 42
Gaston Walklot,8 Jenifer Road,Kannabechō-yahiro,JP,LT65 0370 5057 2152 5302
Michaeline Wartnaby,8 8th Plaza,Lindavista,MX,ES20 2029 3155 6722 5974 7161
Gerianna Windham,062 Doe Crossing Parkway,Inicbulan,PH,BR48 4340 4063 8320 7339 4502 116T E
Scarlet Hatch,828 Duke Crossing,Orléans,FR,AT45 6357 7776 9867 6628
Gayle Spiniello,43 Petterle Park,Urpay,PE,KZ42 437T NV8B 4ICB SCDD
Dulsea Andreasson,8 Lerdahl Circle,Pamarayan,ID,BE78 6334 8698 6722
Eve Robley,2694 Sloan Circle,Magistral’nyy,RU,LU75 700D IEDT D9DB JKL4
Sheeree De Filippis,9471 Clyde Gallagher Way,Xinxing,CN,SI23 6605 9200 4079 473
Glori Geraldez,3 Kinsman Way,Muang Xay,LA,AL82 0310 2479 C6VD 0DBR KLHM NX77
Trisha Stango,845 Northridge Road,Donghe,CN,FR12 3089 7976 52CG TWNR 1FZY V40
Beatrisa Brozek,56 Northwestern Alley,Pointe-à-Pitre,GP,FR65 3418 1971 54QY BSSV WSQP G07
Trixi Neiland,293 Pierstorff Junction,Píritu,VE,LU50 406P ERDQ TTNA JB8C
Patten Coenraets,19 Crownhardt Pass,Ditang,CN,SA85 28WG QJA1 SLDL QS6V JLRB
Alanna MacCartney,09681 Roth Street,Paris 19,FR,FR83 8368 6250 12S8 MXSB 6JXV C56
Edith Poley,00 Farragut Parkway,Al Majd,PS,HR22 8269 7138 5401 0686 3
Harlin Vile,03693 Bultman Drive,Hương Sơn,VN,RS65 9604 4279 1387 3693 05
Vivie Kigelman,408 Riverside Terrace,Maracanaú,BR,DK86 2098 3379 3869 35
Florida Pollett,2226 Scott Way,Sembungin,ID,LB67 8759 THMG DJV1 HR9F 0RJD 0LYT
Johnathan Biddles,02 Kenwood Drive,Sakerta Timur,ID,FR90 5082 5949 62EP S34G RVTT Q93
Rey MacNelly,064 Lien Terrace,Caen,FR,LI30 1203 6WAB DO2H EJO8 1
Goddard Roch,0792 Hazelcrest Point,IJmuiden,NL,CZ52 0128 2657 4228 0526 1475
Jenni Ames,25221 Summerview Trail,Simões Filho,BR,ES71 1256 2004 4086 1651 5436
Sosanna Storr,1 Vera Plaza,Pābna,BD,KZ09 230X 1HSH GJH6 XIGF
Titos Burdekin,4 Hazelcrest Road,Fyllingsdalen,NO,SE71 2986 7065 4108 3402 7380
Nefen Minchindon,678 Waubesa Circle,Ḩakamā,JO,TR12 5691 7SUY RULU C0IS 7URH DO
Tam Curror,688 Judy Junction,Markivka,UA,ES78 7870 3024 1835 2523 9822
Homer Vest,8 Basil Road,Morcolla,PE,FR11 3195 8982 07YR 8SYJ KHJT O83
Barrie Lamers,6653 Milwaukee Lane,Cardal,PT,DK29 9840 0603 9224 11
Marcelle Kidstoun,72 5th Avenue,Morawica,PL,IT36 T642 7706 508K PNQA XGVH QXU
Lila Finan,78 Shasta Terrace,Gongjiahe,CN,FR80 2737 5332 21SV I5FX MTGC R63
Averill Jelfs,3 Vernon Road,Junín,AR,AT78 4408 0647 0403 3689
Malissia Drable,15490 Hanson Road,Rebrikha,RU,PL05 3087 8273 8547 7131 7286 9920
Millicent Lowfill,1090 Pennsylvania Drive,Yulin,CN,CZ02 9376 3890 8326 3000 5746
Burt Grinley,851 Continental Crossing,Curumaní,CO,RS47 2310 2611 9802 2075 09
Garvy Ringer,063 Everett Drive,Listvyanka,RU,GB72 HHVY 9912 6383 0998 51
Doralynne Firebrace,494 Meadow Ridge Street,Monte Azul Paulista,BR,MC87 2734 1568 83YV EERJ V3KZ N07
Michell Scarsbrook,69778 Division Circle,Dubá,CZ,HU78 5015 3669 6021 7702 5637 5831
Blancha Waulker,63459 Brentwood Place,Nowy Tomyśl,PL,FR12 2708 6212 369W N39C JIZP X16
Pate Sharpous,27845 High Crossing Place,Xinmen,CN,PT97 0157 4399 9365 8449 4284 2
Bjorn Stoffel,0398 Ruskin Pass,Bojongsari,ID,LU94 944A 3YPJ YVPU MDSY
Kit Sheavills,56301 Troy Parkway,Bāndarban,BD,FR80 3428 7963 495C DAR6 YNZ6 K46
Jenifer Mennell,1 Glacier Hill Avenue,Sanligang,CN,CZ05 8902 7831 4274 6619 1654
Benjamin Riddiford,9 New Castle Plaza,Lanas,PH,FR96 7561 6803 201O SQ7D HNW8 C81
Ambur McClean,0673 Green Drive,Xibu,CN,IE30 HWHC 2904 1121 5006 35
Nadine Dow,95751 Sutherland Junction,Tiexi,CN,AZ85 MOFU PWFI KCTJ VPAU WINU ULKP
Caryn Ohms,14827 Mccormick Center,Outlook,CA,CR72 4833 8210 7283 4832 8
Caren Minero,69546 Quincy Lane,Magbay,PH,IE47 UFQG 6276 2563 3146 82
Charlena Limbrick,4 Mayfield Hill,Jiaoshanhe,CN,CH10 2571 7HNA EJ7G 1YGW P
Mickie Edmonson,91 American Ash Alley,Al Balyanā,EG,FO69 0646 6797 8155 46
Kristina Swaysland,5 Browning Terrace,Pallasovka,RU,GE20 UJ89 7911 9826 0407 70
Riobard Maric,84023 Ronald Regan Circle,Nikhom Kham Soi,TH,PS79 VPNL MSST C3BW IIVJ DTGJ BEUX H
Christoph Ourtic,0 Hoard Alley,Zakliczyn,PL,FR12 1402 2105 16F1 016K THPJ X44
Jeniffer Oaker,2253 Valley Edge Trail,Leubatang,ID,FR21 5757 9913 27KR PZ84 FWRH L67
Grover Paulino,0287 Ludington Plaza,Fantan,AM,MT52 XGJK 5668 6Q3M ZUAF ESQG 1MJK 23B
Thorpe McCardle,440 Prairie Rose Lane,Caocun,CN,GL39 2791 8709 2734 91
Egbert de Quesne,5 West Terrace,Il’ichëvo,RU,TN03 3691 5638 2060 2593 1185
Cammi Dray,6711 Hazelcrest Center,Xiashitai,CN,KZ48 266N AZBL H7MI 1GJZ
Coraline Caldwell,1 Maryland Avenue,Wugui,CN,SM46 E897 7448 677J AKOT PGAH GUF
Rollins Espinosa,0618 Roxbury Park,Pimbalayan,PH,IT19 S647 4118 717Z JTO7 0JT6 TGI
Denys Lowdiane,774 Dapin Avenue,Dongle,CN,AT85 9226 1256 1130 1477
Kristine Leman,248 Artisan Circle,Qili,CN,NO18 5170 5605 761
Janenna Josephoff,01082 Mcguire Point,Nakamura,JP,PS35 ROSS TIYM MU71 IHPL BHH1 V6G3 U
Erskine Snasdell,32 Cascade Plaza,Synevyr,UA,FR81 9637 6793 30K0 GZBH AIIY X94
Kassey Midden,16468 Hintze Circle,Mirador,BR,VG18 KPQQ 7648 0221 0274 7031
Sonia Coughan,06 Jenifer Street,Villa Paula de Sarmiento,AR,GT37 B273 65MU OWVX 3EGD DWJI TXBP
Jenna Hinckley,10237 Rieder Alley,Tangzhuang,CN,SI03 2260 5436 5237 924
Quincy Senton,2299 Chive Place,Vinha,PT,HR79 9440 0506 2364 1984 1
Daphne Ubee,3019 Summer Ridge Road,Lianhua,CN,SA97 493J R5YY DZBR QEPZ VESC
Zorah Bragge,0 Huxley Center,Janowice,PL,GL56 3841 7022 8967 17
Waldemar Kelson,4631 Sachtjen Junction,Tieba,CN,FI34 4889 5968 5498 84
Hillary Syratt,8 Sutteridge Pass,Des Moines,US,IT12 P552 1935 737B 3XXC M4FO ZMI
Gladys Shepley,97 Carpenter Drive,"Laikit, Laikit II (Dimembe)",ID,GR51 9218 563Q 7HIL OILG JKLB 5OO
Garek Dancey,100 Di Loreto Street,Pereleshino,RU,SE75 9870 1217 9215 5710 6784
Lucine Cornilleau,52529 Superior Court,Log pri Brezovici,SI,GI14 EEWU QOBA XELX QBDV FSQ
Cyrillus Jinkin,2 Eagan Street,Paços,PT,FR40 4321 8381 892V EI9L MHLO N60
Jane Vallery,56734 Sutherland Parkway,Chimbote,PE,BE60 3493 8143 6355
Morissa Barson,46073 Nova Terrace,Visim,RU,FR14 1865 6781 22PG ODRI KCUC D25
Jarrad Duignan,8 East Way,Liangjing,CN,FR94 6321 8279 57VH EKB3 ZE35 S90
Bary Hallgalley,3 Randy Park,Sápes,GR,LB42 4480 VJJF XYW6 NC9Z VYNB TJ6E
Parsifal Axleby,55 Union Place,Gorelovo,RU,FR67 9133 6611 36IM S2O5 6OWI P23
Lyndsay O' Mulderrig,01 Jackson Avenue,Lijiaxiang,CN,FR91 6407 6378 05IU ZTEH INXY N98
Georgeanna Goosey,482 6th Way,Arcos de Valdevez,PT,NL17 PVLG 3255 9776 70
Benoite Kingett,4 Stephen Trail,Telsen,AR,PT05 5866 7583 2837 7178 1681 0
Rodge Spindler,1 Porter Drive,Azinhal,PT,FI38 4868 2292 8716 41
Ramsey Chesterfield,483 Prairie Rose Trail,Fengmu,CN,VG56 BJQO 9511 6082 9466 5445
Efrem Bolsteridge,3 Lake View Park,Zhaocun,CN,LU54 317J BBRT W2MS JKRJ
Melanie Eldered,0 Atwood Circle,Ubaitaba,BR,FR70 1300 8461 05WV AKGT TRHH B94
Mallory Linturn,2 Ronald Regan Circle,Bulqizë,AL,IT28 J203 7438 763B HOPJ HMZR JIO
Leroi Maplestone,012 Bobwhite Point,Celeirós,PT,LT31 7189 2695 7688 9095
Cortney Hellens,12802 Clemons Junction,Daji,CN,FR13 0239 1289 364Q VWBE MS6K W37
Denver Wanless,5 Mifflin Drive,Cherskiy,RU,HR98 7564 7451 8284 9079 3
Randolf Crebo,4952 1st Way,Bumpe,SL,LI74 7452 2SAU BSRN GBBG I
Chevalier Pengelley,22 Thierer Hill,Mayorga,PH,MT88 UTLC 9132 2JWJ T9ZQ I5R4 A0A2 QLY
Reagen Trevenu,684 Colorado Parkway,Luxor,EG,CH89 6136 0XH2 LGQK VHIE R
Ralph Martinovsky,3 Ilene Alley,Qingguang,CN,IE80 LJBD 7171 1520 4194 82
Melvyn Cristou,00123 Sachtjen Parkway,Haquira,PE,AE53 5057 6673 3574 0839 982
Yance Robic,61827 Mosinee Park,Yambol,BG,MK88 202F WSV3 MZVN W18
Vin Orman,184 Utah Plaza,Colón,CU,PK90 UWCH 8CB6 ZWFW BGTJ OD15
Lara Lermit,8 Loftsgordon Place,Qiaotou,CN,LT76 7822 3898 6156 2008
Arch Aberkirder,8 North Hill,Krupanj,RS,KZ17 569N 6NLK 1OA3 INUB
Maible Elstub,5684 Chinook Center,Bayan Hot,CN,GB17 MKVY 9668 4727 3161 51
Alecia Caldayrou,87337 Vernon Parkway,Qufu,CN,MC35 9205 2647 89XZ NE4J 2RMZ 406
Cleveland Stoaks,10288 Derek Way,Madrid,ES,MC03 1063 2227 53SG FJRR PSJW 764
Lorri Circuitt,6 Loeprich Park,Dundee,ZA,AD86 6963 4523 NOHD MMKQ ZNZM
Casandra Hynes,0009 Village Green Circle,Gaobu,CN,GB25 VPEC 5804 2977 7271 47
Petr Strongman,3372 Dwight Avenue,Rāmganj,BD,AZ30 XVFL 7RSS CZXT I1FB 11F4 Z0YV
Fran Schimek,84705 Mockingbird Pass,Pa Bon,TH,DO17 EXLD 7106 6878 6091 7548 4249
Idalina Wynes,45 Sachtjen Pass,Langádhia,GR,SM91 I442 2031 839L IVP2 I38U LVK
Adena Abbatini,04073 Walton Terrace,Bissorã,GW,NO31 0371 4560 259
Roseanna Charlet,53 Hansons Trail,Darband,TJ,CZ41 8939 0229 1432 0191 7751
Dougie Dulany,4 Hansons Hill,Yeysk,RU,PT98 5109 6021 9809 1663 6919 6
Forester Urch,1 Dottie Center,Wengyang,CN,BG72 PVDU 3014 82WA V6AL IQ
Helene Fegan,419 Vahlen Drive,Kaoshan,CN,CR98 2506 1414 9459 5513 3
Leoline Carnalan,11538 Reindahl Place,Pasir Mas,MY,AE23 1095 4019 8058 6438 451
Dewitt Broyd,386 Autumn Leaf Road,Annecy,FR,MU16 AALY 5018 4961 5445 3608 336D NX
Bat Foxon,42 Sugar Terrace,Olszyna,PL,FR21 2550 0110 49A3 P6TK YYQJ G76
Hewe Dennehy,8 Surrey Pass,Nantes,FR,LV88 JJJW PVQL QACZ NP7C 2
Emilia Gabbatiss,1 Fremont Hill,Xingou,CN,RS45 8249 4832 8697 1837 42
Trumann Beckingham,673 5th Court,Sogod,PH,PK89 XGGX LESK OMZ7 BKLQ NHLY
Davy Whitefoot,5 Hanson Lane,Albany,US,LI58 8108 2WVM JCRW D2SC N
Kaia Royce,044 Tennyson Park,Gradishtë,AL,NL12 AVKQ 3310 6270 80
Melanie Meckiff,7347 Tony Park,Banyuresmi,ID,FR68 5562 0115 48HQ F1OL XPFR D61
Anthiathia Zoanetti,297 Forest Dale Junction,Shar,KZ,HR70 2109 8176 3304 3106 5
Zaneta Weavill,822 Kensington Crossing,Kuzhu,CN,AE47 3685 2313 4727 4582 627
Anabal Bransom,29 Laurel Drive,Cherëmukhovo,RU,TR52 6807 44CX WWOV KYCB UQJ1 AI
Goldarina Snelgar,2 Elgar Terrace,Shapa,CN,FR79 9803 5153 772M T21H YXR0 I54
Gabrila Feeley,9 Becker Point,Manizales,CO,FR90 7446 9915 789M 3HYB MVYW Q41
Nicky Butler,994 Coolidge Crossing,Asheville,US,FR12 5603 0031 17NM GHRP 03VH T40
Marty Yellowlees,88 Manitowish Street,Lebak Timur,ID,SK64 9028 6619 0963 7153 8269
Eve Barcroft,6498 Bonner Alley,Zduńska Wola,PL,FR27 4284 2192 61T4 IGVD DJ2O U55
Thekla Harrhy,44 Magdeline Plaza,Gumawang,ID,BA60 7660 3184 1899 9958
Thebault Jennens,369 Di Loreto Hill,Turija,RS,FR45 5128 6476 197D 0BE5 T7IS C72
Herve Hawken,1155 Elmside Trail,Semongkat,ID,LB78 1760 HMEM ZKIY PSNM BRD3 DHBB
Cathee Cutchey,4 Veith Pass,Zeewolde,NL,CR88 5115 5145 0154 9336 4
Kassia Plum,60695 Steensland Alley,Bảo Lộc,VN,PS14 RIVX SQKH IEEU JZ8M XVDE IOOZ P
Lyndsay Bannard,08 Carpenter Alley,Joyabaj,GT,LB31 3952 HN8X 8PSO CTXI BVGL 6EOI
Sara Ortell,114 Scott Lane,Sarbīsheh,IR,PL69 8433 5447 3737 3672 6356 0828
Georgie Benfield,15 Upham Way,Krenggan,ID,BR52 6878 1625 3745 0402 3078 687Q Q
Kahlil Spyvye,22 Packers Way,Trinity Ville,JM,ME12 2144 9414 1090 8733 91
Mohammed Pettifor,37 Carberry Park,Yanchi,CN,FR25 5367 6286 64WD UBZS Q79W D51
Roosevelt Laytham,1 Brown Lane,Shcherbinka,RU,FR83 3102 2832 295Q 80WA SRYR E38
Lesli Kelwaybamber,6369 Badeau Pass,Okegawa,JP,AT53 9131 5957 9550 5075
Danica Asbury,654 Muir Plaza,‘Irbīn,SY,GI07 WPMD W9SY N09K 6CGP C54
Kerry Baughan,0029 Grim Park,Krasni Okny,UA,SA90 47U3 IZDG AKVA OV69 8V0U
Geoffry Davoren,45 Prairieview Crossing,Pākpattan,PK,NO92 4952 4211 975
Kristoffer Vaudre,38392 Porter Street,San Agustin,MX,NO70 7749 7724 502
Bria Leatham,15 Schurz Road,Huallanca,PE,NO45 4579 6776 846
Dori Skey,4 John Wall Terrace,Kista,SE,MK95 267I A6SM 93CU G09
Alta Merit,302 Surrey Court,Rio das Pedras,BR,TN41 6176 6695 3092 4203 3086
Clarabelle Stemson,2064 Linden Trail,Jambuwerkrajan,ID,AL45 1796 7699 ZR0W OL8A WGNQ GH9T
Gwyn Rosenhaus,05 Orin Center,Ngou,CM,NL24 MKHC 0088 6192 79
Chrysa Pusill,61 Roth Road,Duru,CN,TR41 6313 9FPH ICMS TRFQ S4RG G2
Odey Brenstuhl,61 Mosinee Drive,Hanji,CN,FO83 7887 4158 7146 80
Anthe Sperry,55748 David Parkway,Beylagan,AZ,FR07 4875 6393 36R9 WMI7 JDF1 276
Dionis Hearley,225 Sunbrook Junction,New Brunswick,US,HU85 3288 1401 5058 6820 0593 6215
Mignonne Jiricka,74 Ohio Street,Kaizuka,JP,FR60 7326 4390 36PU 4LJT LW9B Y36
Lian Hambleton,69 Sullivan Lane,Huanshi,CN,GT98 WHE5 QFMJ THJV 6H5O UK50 KD0C
Alys McKew,7 Anzinger Hill,Bayt Qād,PS,BR78 4702 3997 1528 9049 0437 598N Y
Philippine Bliven,9387 Holy Cross Lane,As Sūq al Jadīd,YE,CZ75 0765 9364 9267 4991 1597
Keefe Archbold,3526 Maple Wood Point,Buga,CO,BA09 9141 1650 0469 6826
Taite Rainer,36 Iowa Place,Checacupe,PE,LT59 5037 2097 3944 8593
Jim Baynon,3215 Surrey Street,Kangshan,CN,MK22 328V P6SL NV9H A02
Myrna Patifield,53803 Sachs Place,Brest,FR,AZ36 XEXX 5PPQ QWGC QS09 NRXL 1MXO
Rozamond Austen,5835 Main Alley,Cizhu,CN,DO47 XSA2 1394 8557 6000 7469 0307
Gwenni Huntley,62 Reindahl Center,Maqia,CN,FR54 2700 3285 28QF CGOH 2IJF B74
Conni Higgoe,06 Mcbride Circle,Ladner,CA,VG11 PVYG 6371 1060 6366 1400
Clementius Jayes,6 Ridge Oak Parkway,Gialo,LY,FR51 4720 2303 30IF CI9E RQ0Z 491
Blane Beachamp,514 Barnett Center,Novokubansk,RU,IE17 YNLZ 3261 1130 8014 23
Lenna Russe,87 Eagle Crest Point,Wonokerso,ID,GI71 NYHT 48E9 MNZV PWM4 2MT
Shea Abbet,3 Morning Way,Blois,FR,MR79 8644 6096 9176 6324 6830 731
Ker Siaskowski,06979 Corscot Place,Roshal’,RU,GR37 3379 7274 M0DD IVAF QZT0 NAI
Pearce Offner,97 Cascade Trail,Gudang,ID,FR81 4175 0240 50HI IVSQ K6TG V44
Reinhold Massel,27 Florence Park,Santa Clara,CU,SE03 8337 1961 8291 5528 4959
Carole Eilles,30 Londonderry Court,Kananga,CD,LI84 9758 0GGQ ULWA USCN G
Andy Durtnal,09 Pierstorff Circle,Zlín,CZ,FR26 6846 8342 70LJ CY3M 2EJZ X20
Farrell Cheshir,17 Arrowood Avenue,Uvarovo,RU,GT08 IUAX HYYC DZOJ QXVO AKG4 PIK1
Glennie Loveitt,70525 Anderson Center,Janów,PL,AE94 9674 1895 0312 3220 126
Christy Messingham,15 Eagan Place,Huangchi,CN,LI27 2689 8NWF 6SZN VV6I K
Celinda Stickells,897 Paget Pass,Camabatela,AO,DE18 2551 2830 0680 0772 73
Vivi Cleveland,5 Cherokee Court,Kramsk,PL,ES47 1139 7087 7487 8751 4210
Alyssa Rennick,24 Grayhawk Drive,Pećigrad,BA,FR64 6506 7291 561K DOEY ABP5 P95
Burnard Longmire,2319 Colorado Crossing,Hufang,CN,FR47 9078 2138 876N 22VG WKFS H13
Anna-maria Twaite,16 Oxford Junction,Kafr Qūd,PS,DO56 AEN2 3687 6454 1381 0831 0967
Katha Pearcey,5459 Dahle Crossing,Palos,TJ,BG97 TXKH 2160 71SD DLJB TG
Aeriela Lindl,63 Evergreen Court,Jiblah,YE,ME90 3389 1994 7693 5516 97
Willi Purseglove,49311 Novick Road,Zicheng,CN,FR47 5413 4952 178J SLRH BHY6 I21
Anissa Cracker,48909 Merry Junction,Luleå,SE,NL44 IRNU 9278 6960 83
Melisa Ellse,9 Badeau Alley,Carman,CA,TR72 6302 2KZA 8Z5A SVAQ RTVX H6
Selia Whelpdale,96964 Village Junction,Tyresö,SE,BE86 1957 2899 1638
Amie Hourihan,4 Columbus Parkway,Golovchino,RU,AZ15 VLAG DMQQ IBQ0 HQPQ S8FL YCHK
Kellina Zaczek,65 Cherokee Way,Maguilling,PH,MU50 UAQO 9604 8478 3361 2145 974N YX
Flossy Hanniger,10 Commercial Circle,Qīr Moāv,JO,TN37 4045 2447 4516 1930 3891
Julia Orviss,092 Twin Pines Circle,Radostowice,PL,SK86 0136 0419 6493 0766 0617
Peter Manie,7 Vidon Park,Hāfizābād,PK,GI57 HENK 8MRJ 2GFG 8RNF YEN
Cooper Lohmeyer,0911 Manley Parkway,Sanxixiang,CN,FR27 1375 8675 67MG XYQ1 5FSA Q11
Lane Fittes,233 Lawn Pass,Beihe,CN,CZ70 2529 1627 4663 4433 4305
Lindsay Goroni,61130 Badeau Junction,Madette,ID,AT52 9978 7047 6568 3723
Dom Catterill,0515 Morrow Hill,Svetlanovskiy,RU,BE90 8451 3217 4929
Kale Coupar,19007 Logan Court,Vouani,KM,MD56 CBJ1 R7ZT FC1I Q0LN MLLZ
Vin Seeds,990 Bunting Court,Sanli,CN,SE87 2856 6709 9969 5041 0718
Clari Greetham,486 Sachtjen Plaza,Tarbes,FR,LB71 7054 LHPQ 7OV0 FOI8 56QA INZQ
Gino Domeney,6634 Hanover Plaza,Bayambang,PH,NL72 VIBS 7811 9360 56
Ermin Lamont,1 Summit Court,Akouda,TN,SK52 8015 0079 2160 7937 2405
Lou Louden,5747 Norway Maple Lane,La Poma,AR,FR86 8377 6278 24XZ ELVI 5OLG B79
Jorrie Farnworth,98 Arapahoe Place,Qŭrghonteppa,TJ,LU70 758Y 8BRV FS8L W7V0
Skippie Pettus,5953 Nobel Avenue,Purwokerto,ID,HU54 5604 2194 0096 3132 7865 2684
Roxana Booth,2 Coleman Pass,Norrköping,SE,GT61 KBTU 1CZK U3MA KVE9 XWLD 8IVL
Teena Bocke,15819 Vera Circle,Ar Rumaythīyah,KW,PK31 BMIE LFVP UAPG YFTN TBIN
Effie Beelby,156 Spaight Plaza,Haoraoshan,CN,RS70 3670 9073 0120 0746 50
Gina Wernham,93343 Huxley Hill,Poitiers,FR,LB56 6722 DHUB IQ4S MSZE RYLF 7WKC
Addia Satterfitt,136 Esker Way,Guantang,CN,FR57 6393 5219 30V0 DE2T YV11 K72
Nelie Clissell,03565 Elmside Way,Koslan,RU,LV97 OINU E96R OO7O INDS M
August Tims,6904 Pierstorff Court,Dois Vizinhos,BR,CR57 2865 6995 5115 9435 8
Loydie Pendergast,2780 Drewry Road,Khokhryaki,RU,FR95 9550 8648 141F PRW9 BG5A Q11
Tildi Twells,1 Bartelt Lane,Leles,ID,LI20 2966 8GBO NZXZ IQYL J
Arri Burl,83929 American Circle,Ban Mo,TH,FR94 9095 9193 80VW HBSE 6GOO D65
Jo ann Littledyke,17539 Ludington Street,Inhumas,BR,FR55 9251 0508 92PX DX1G WDE1 N27
Sofia Holbarrow,107 Sloan Center,Lingbei,CN,MD22 CGSY PVY2 9P3Z IISW 3WLX
Pet Rollinshaw,891 Mccormick Center,Quitilipi,AR,SM44 H289 0265 711J TBEI CEXR N4Z
Jack Cordelle,701 Clarendon Circle,Paradahan,PH,FR11 4022 4412 81IS 4MOR SJAB 311
Dorey Maystone,80 Bonner Way,Morteros,AR,SI13 6758 6089 5680 890
Kati Fearnyhough,40 Packers Street,Jixiang,CN,GI92 WZVW LYWF DT2K F0OY CFQ
Rudy Bridgnell,2 Meadow Ridge Way,København,DK,TR76 1257 0B2G 7KVM UIZ0 A0NM NM
Feodora Ibanez,135 Eagan Circle,Jambesari,ID,BH57 CVUB HWR1 OFLS JLPT DU
Felike Degoy,68 Kennedy Plaza,Zhoupi,CN,GE06 ZH76 6529 4466 0679 76
Burr Brunetti,73360 East Parkway,Sukadana,ID,PL61 4303 6589 8535 7354 4212 4200
Valli Guierre,1058 Leroy Crossing,Huanshan,CN,FR53 3283 0077 83OP 22CW QDIX J93
Purcell Blacklidge,18 Dovetail Street,Salam,ID,RS77 4311 7784 7452 6816 51
Flor Doorey,0279 Nelson Trail,Huagu,CN,AZ12 UOLR RTVA MJ1S VW80 FK9H IRFX
Eugenio Haug,24780 Lakewood Pass,Piskavica,BA,MR12 7737 0026 6037 1225 8283 817
Armin Farloe,5 Boyd Lane,Obninsk,RU,MD25 YDCA MEJ4 1UYY 0TUR 1UCA
Fancy Barg,238 Springs Street,Pamarayan,ID,PK38 NKGA C38R 51UO PUBX STAL
Bing Graham,7097 Norway Maple Drive,Lesogorsk,RU,LB26 0747 OREJ QSF8 XADF 0PEI KSOJ
Byrle Leupold,683 Anthes Street,Anaráchi,GR,LB05 2340 R123 XYAR BAVI P307 57FY
Morse Piscopiello,9 Debra Road,Qingxi,CN,FO13 7673 1965 0157 48
Rivy Suart,145 7th Road,Kokstad,ZA,NL03 UTTO 2542 2079 55
Ray McCree,041 Sherman Terrace,Sami,GM,MT15 HYQO 8900 6K2Z KNHN P8VR NOVY WJN
Buddy Gosby,8608 Village Green Crossing,Hongor,MN,DO35 0V0Q 2280 9360 1748 6287 5635
Keslie Sleightholme,167 Logan Parkway,Saint-Fargeau-Ponthierry,FR,FR64 6959 6165 274S OMDH MMFO S00
Bryna Ponte,28 Brickson Park Parkway,Dusit,TH,SM39 U461 4505 979J IA67 BODW EGL
Waneta Mumby,7339 Vernon Place,Baraguá,CU,MC26 0398 3294 00NP ZPDF HWQK J77
Leupold Hazelby,8 John Wall Park,Nekla,PL,GI44 DQNS 4PEP MSLK 3KBM K38
Myrvyn Abeles,015 Cardinal Parkway,Vales,PT,BA04 5447 1481 5236 2546
Hakeem Pindell,9 Fordem Street,Swinford,IE,DK26 7957 9060 1215 55
Chick Dixsee,285 Gulseth Trail,Banjar Tiga,ID,IL88 1611 0380 2027 7671 146
Ardelle Bethell,35020 Donald Avenue,Mainz,DE,SE07 8732 2419 6503 4793 8545
Kelila Musselwhite,59 Roth Drive,Jinji,CN,AD15 7230 2621 IAWK DYKU AWVP
Edmon Dakers,386 Springs Road,Campo Maior,PT,AT62 2588 6758 8444 3208
Ray Valenti,53 Troy Drive,Xuanzhou,CN,LI86 9767 1CHW RS1O LUMN 0
Stefanie Gillfillan,32 Esker Terrace,Marisol,PT,NO22 1892 8487 785
Marylynne Louder,65277 Lakewood Court,Pigí,GR,PS68 CINM 9MO9 JMDW PFWG OQCX M804 M
Elmore Gedling,48756 Thompson Junction,New Agutaya,PH,VG90 HZXP 5505 3272 9932 6536
Daisy Flanaghan,05 Veith Pass,Mondragon,PH,PS92 AGOF BJPK 1VSB IQTC WV9J JFH5 M
Max Barling,6879 Sunnyside Street,La Jagua de Ibirico,CO,CY33 4350 3397 8QGS D6TT C140 HOCL
Meagan Jenicke,93 Killdeer Place,Kakamas,ZA,ES73 9463 8000 0171 4508 0910
Cordelia Manvell,27 Ridge Oak Avenue,Weifang,CN,GL58 1762 7277 3764 93
Matt Oret,2 Corry Street,Settat,MA,MD78 OVND VOZM XACO IYRD NYQN
Xena Grix,373 Westridge Lane,Tyoply Stan,RU,AE86 4807 6973 4107 3155 545
Josephina Rourke,02 Nancy Avenue,Guanting,CN,BE54 3345 9020 4641
Culley Torrance,4 Delladonna Pass,Petrikov,UA,ME77 8143 8428 4296 9754 18
Lydia Billborough,6639 Ridge Oak Terrace,El Alamo,MX,LV02 XUFG JDS8 VTMV OE9F H
Rustin Bignold,68 Pawling Trail,Garmeh,IR,BH45 IJMK GFS5 LJLD LQWD DI
Dniren Beevor,74917 Golf Course Crossing,La Paz,AR,PK15 GWOR AOSV EOMM UTNY B6F9
Alister Camolli,7198 Red Cloud Avenue,Kameyama,JP,LI54 0884 1OHI KFBX ZBQH K
Andi Jouhan,4794 Heffernan Place,Nagareyama,JP,RS39 9164 2628 9802 9859 27
Phylys Gidman,83943 Vidon Trail,Chaguaramas,VE,AZ23 TEWV THMU QUVL GOTL IGXX SD2P
Fidelity Seamans,4137 Forest Run Hill,Suan Luang,TH,RO06 OCYC VBRL GO0P N0BK BLUU
Robby Kellitt,50 Pawling Trail,Cafe,PH,GR39 3699 698G W8DL ZNVO VROH RXJ
Javier Pycock,4 Scott Plaza,Laval,FR,MD73 TJEC 9CAZ ZYL4 IYAS UFBH
Gracie Yeatman,5748 Brentwood Lane,Gradačac,BA,FO17 8334 5429 5393 68
Marjie Caws,42550 Fordem Park,Lewoluo,ID,SE22 0888 8048 7678 8914 0767
Raimund Hrycek,0986 Marquette Circle,West End,CA,PK61 XFOS VBW6 OLOG IAAY HX6A
Edlin Van Der Straaten,17 Debs Center,Changmaoling,CN,AL26 3663 5153 ME6C 0CTM XWBZ YXZX
Herby Yockley,814 Lake View Junction,Kalininskiy,RU,FR75 9161 0766 91XZ ACZU LR7P A66
Ciro Sissland,37138 Kropf Drive,Bachuan,CN,FR84 7616 8073 68RX FTTO HXAY L05
Crawford Wilgar,23084 Union Trail,Solsona,PH,IT25 T096 8467 954J AD68 4Y7X NKB
Milt Byrne,8 Bluestem Alley,Yangmingbu,CN,FR70 8805 4436 34W5 7BEL X625 A98
Toinette Reeve,31 Morningstar Crossing,Kut Rang,TH,SA21 70UQ PCXI XTP5 FCVR 9KVQ
Enoch Tesseyman,0 Old Gate Avenue,Plumtree,ZW,MK53 791C PHO4 0V0R K24
Jorge Bangle,5428 Orin Street,Basista,PH,GB45 QFVO 2692 3020 9129 87
Helena Howsam,6236 Village Crossing,Nîmes,FR,DK39 4099 2284 7660 79
Ivor McIlherran,83 Lunder Terrace,Banjaranyar,ID,FR66 2440 3703 1472 SY40 IDJT K43
Ilaire Pischel,31 Hintze Way,Yancheng,CN,LU48 409J E9FB XXJX CVLH
Elli McCorkell,372 Prairie Rose Avenue,Cahuanuyo,PE,SE93 7235 0384 3360 3594 5312
Whitney Grunder,949 Delladonna Center,Ciasna,PL,PS45 GBOI 6BUW NIKN IBIX KKKI ALIP 4
Benetta Winyard,1880 Donald Circle,Hutou,CN,ES70 1364 1961 0531 2434 1001
Wye Eakins,5250 Morningstar Road,Vila Fria,PT,PL54 4458 1822 0951 0181 0163 4916
Cletis Bentote,59 Portage Center,San Jose,US,BE49 7089 9854 5816
Shelli O'Riordan,3524 Anthes Terrace,Gaya,NG,LI49 5217 5S1K ZNDU 3FNL U
Wilhelm Comoletti,120 Corben Trail,Mujiangping,CN,SI98 5571 3397 4195 297
Kathye Farnorth,9 Holmberg Drive,Ponta Grossa,BR,ES81 1833 4267 7010 2853 4333
Drucy Rosborough,979 Morningstar Way,Feliciano,PH,HR91 0149 5482 4748 5353 9
Cortie Van den Dael,324 Moland Park,Neuquén,AR,BA73 7199 2378 6221 5133
Cyndie Newarte,142 Florence Court,Benito Juarez,MX,PL03 2753 5298 8902 3715 7575 3907
Emilio Attkins,73299 Schmedeman Hill,San Diego,CR,FR10 7902 4075 56XC O5QO 2A6Q J32
Jimmie Blackster,63 Ilene Hill,Jurva,FI,LV16 IWVJ ACQX UGTC 4ODC B
Candice Martensen,7315 Dryden Park,Pomabamba,PE,CY77 5497 2694 DFRN 1XHF 3CMS JWPN
Darby Flahive,8 Grim Way,Ban Talat Yai,TH,HR25 1951 1146 9617 6244 3
Ramona Bartosik,1 Ryan Road,Shanyang,CN,LV62 PURD QCPB FY03 4GB3 B
Matt Wastling,73 Daystar Circle,Sâmraông,KH,LT88 2470 0745 4532 4155
Sayres Eagleston,4 Mandrake Park,Pembroke,CA,BE07 1578 9245 1186
Beaufort Skein,1 Kennedy Hill,Corozal,CO,CZ58 4775 5971 2753 1466 6410
Marcus Harroll,18 Homewood Circle,Singgit,ID,LI75 6483 0VKA NM2U OVIU T
Ronald Fewless,93696 Heath Street,Dobšice,CZ,FR70 1351 6515 19LK MCJX CAH1 B90
Isaak Hodgins,38805 Jana Avenue,Longmen,CN,PL88 5726 5637 0660 8408 4839 1729
Bili Cheak,606 Steensland Parkway,Sembabule,UG,CH24 2875 2YTW 9LXF PM4D B
Kalvin Jocelyn,739 Hayes Trail,Beselga,PT,KZ65 754O 57ST 2E0D SARZ
Laverne Carrell,792 Veith Avenue,Amānzī,AF,PT22 2383 5229 3901 2311 6193 1
Homer Haldene,57 Gina Way,Croix,FR,FR14 4458 1015 80X9 BGWX N15I L55
Ricard Kedwell,7 Longview Place,Nanshi,CN,CH98 3608 441E L5TV 3KQG X
Aubert Izacenko,12 Stoughton Park,Bagan,RU,GE61 BS70 5943 2189 5023 31
Frazier Leither,09936 Namekagon Hill,Toulon,FR,AT51 3369 4182 7897 9155
Jerrilee Falconbridge,3001 School Junction,Zhijin,CN,PK79 VFUE 0ABF LC5N 7JSP UZSN
Stephen Richen,19 Golf Street,Binglincha,CN,GB85 KKBY 7132 7833 6281 21
Rice Linde,93 5th Junction,Buenaventura,CO,RO23 WFSZ H6HE KFGX MRVB SO3R
Gabrila MacPeake,2 North Terrace,Białaczów,PL,SA70 31QO 2QI0 CFJR NSTP 6FSO
Nisse Stranger,31369 Upham Pass,Yanglin,CN,LU61 674C AUW6 QNX3 0RCN
Selinda Greeno,64838 Heffernan Way,Huaqiu,CN,FR60 0764 6680 32Z3 GEFM DUAC 208
Mead Radbourn,2 Trailsway Lane,Luoshui,CN,DE60 2087 7044 8222 0589 10
Justis Chalfant,2 Glendale Lane,Suisan,KR,IL56 8306 8933 5513 4403 685
Chen Sauvan,094 Bluestem Point,Barqueiro,PT,PK06 LYQZ WKZA NBHU WQEA 4ML1
Licha Ickovic,922 Ronald Regan Junction,Kāleke Mandi,PK,HR19 7645 4447 7547 7846 4
Tawnya Lilion,456 Dennis Parkway,Kyzylzhar,KZ,MD07 JWDL FB9G 5VER 3KJK FOTQ
Skye Ginley,53 Hoard Drive,Banquero,PH,FR34 7190 4505 55FO BNRY 88Y7 A24
Gayle Sommers,3 Shoshone Terrace,Hollola,FI,GL80 3682 2096 4649 72
Rhodie Ferrao,14 Magdeline Parkway,Diaowei,CN,HU66 0227 1904 7757 9547 4838 3147
Debee McRavey,9725 Meadow Vale Road,Áyios Vasílios,GR,FR45 6757 3395 832L EQUO 3PHP F91
Fredericka Fryer,35 Tony Drive,Tubalan,PH,SI93 5536 9901 3450 319
Nissie Thirwell,24 Delladonna Junction,Belverde,PT,GT87 S03M QTJF ZPVA 9MOE BLF5 3PEJ
Brandy Oehm,456 Jackson Street,St. Anton an der Jeßnitz,AT,CZ98 3487 9420 0244 7615 4627
Donella Muehler,3220 Thackeray Hill,Solnechnyy,RU,FR61 5326 0252 26F9 B3HW IFD1 O82
Kali Kahn,277 Summerview Terrace,Pyapon,MM,MU24 FGCW 6746 2090 9398 4120 452M FT
Guglielmo Brockhouse,65393 Riverside Street,Selorejo,ID,BG57 EYGJ 3944 59QN MIOG LV
Norry Kelsey,09 Shopko Drive,Sutukung,GM,FR57 0852 5558 73EI EHT2 OVQX F31
Peterus Dunnico,76 Becker Junction,Nîmes,FR,HR21 9484 0294 7946 0539 7
Boniface MacCartair,5346 Veith Junction,Anfeng,CN,FR87 8165 8450 25IY 5III 98DL R02
Thedrick Aguirrezabal,20639 Holmberg Way,Goba,ET,CR41 1615 8238 2163 4144 9
Audie Beggini,814 Esker Park,Dafundo,PT,EE46 9077 1826 1034 7650
Carlynn Craft,306 Gale Plaza,Quiaios,PT,CZ43 9998 6534 3056 0800 3300
Selestina Cosgrive,2 Westerfield Circle,Piracanjuba,BR,DO81 1D2O 6558 8974 3772 8072 7665
Tatum Poundford,85 Bowman Junction,San Juan de los Morros,VE,PT97 6366 9202 5529 2824 4008 0
Clint St. Quentin,2 Main Junction,Lepaterique,HN,TR95 6338 33QN VCAI 6A3S PJGY 02
Talya Gunthorpe,02 Dorton Lane,Panjerrejo,ID,FR28 1515 7223 26FT OEHF JJWO C19
Amelina Halston,5 Sachs Plaza,Fram,PY,AD64 4043 9649 OV0M 2UJ7 YXGC
Seline Scardafield,1448 Sullivan Point,Huabeitun,CN,SM18 W028 1632 618E WZA1 XLYD V2C
Freida Eisold,55792 Lien Alley,Yarabamba,PE,LT33 2739 1948 7713 5400
Renell Carnson,318 Nevada Street,Riofrío,CO,DO42 YYBI 2920 9770 0508 8580 9702
Dulce Weadick,49 New Castle Road,Portmore,JM,FO18 5143 7336 7416 08
Skelly Martignon,0 Superior Alley,Yunguyo,PE,KZ61 5025 O9OS TWS7 UC50
Steffen Tooley,5 Bultman Pass,Longsheng,CN,AD26 7594 1921 S4WO 6FGT 5ZTK
Dorie Tilson,09 Arizona Street,Mpraeso,GH,IL91 2359 3592 9200 3554 833
Lorrie Lunney,80 Jana Place,Černý Most,CZ,MR46 7614 7870 7636 4401 5272 107
Barret Fenners,0 Steensland Crossing,Tapacocha,PE,EE73 2646 1406 1671 2078
Elden Gallaher,1 Continental Place,Nailung,CN,MD85 EOPJ EIZF FZTM BJ5B WBQ7
Carlee O'Bradain,262 La Follette Trail,Hengxianhe,CN,EE05 4086 6568 2817 7557
Dudley Floodgate,865 Bluestem Place,Zhutian,CN,FO73 7203 8687 1501 14
Patrice Bazell,320 Blaine Junction,Outeiro,PT,MC73 3551 0499 76GH OED2 ICJS H55
Hasty Fawdery,3 Emmet Lane,Ccuntuma,PE,MU06 FUDA 5866 3658 8395 1908 191C SY
Theodor Somner,59 Melby Circle,Qianhong,CN,FR23 6952 2459 58QP RGA7 2LYV L70
Shel Bastard,64088 Shoshone Hill,Los Frentones,AR,TN39 7843 6396 1759 2288 4521
Terza Medler,562 Merrick Pass,Toledo,BR,DK46 0286 0880 3335 23
Giuditta Cossans,2019 Truax Crossing,Gennevilliers,FR,FR69 8973 5769 62YG IE7Y 4DQB E92
Jackqueline Phippin,32743 Algoma Circle,Jiangxiangzhen,CN,AT32 9876 1569 3888 2691
Petronilla Fogg,97 Sachs Trail,Kopen,ID,DE50 4260 3579 7635 7286 27
Monro Daffey,60 Drewry Road,Sorinomo,ID,SM76 S892 1972 007A MREC 2ACN OVX
Willamina Lejeune,9999 Anniversary Park,Tangzhai,CN,LV49 EHOG Q89H OOCA CP7T Z
Chen Aubrey,13 Ridgeway Center,Casimiro de Abreu,BR,FR42 4646 9247 63YM IECV E85R Z20
Kathie Gorwood,832 Brentwood Place,Volkhovskiy,RU,IT02 R854 7431 892G GRHI UDXP 3II
Lorri McPhelimey,6 Springview Center,Nanyang,CN,TN25 7295 0355 2373 6144 9399
Cornelle Blundel,735 Pennsylvania Park,Le Mans,FR,FR13 8263 2595 72TP 1C09 J1IV B82
Adelice Stoves,5 Sunbrook Circle,Ubatã,BR,RS86 9293 3861 1341 7391 65
Arlena Divina,39 Carpenter Way,Troyits’ke,UA,PS40 YKJC 1LAK 0UXW VY94 CPQ8 OAR4 N
Mellisent Wilbore,27 Declaration Avenue,Bultfontein,ZA,FR71 6719 9965 46ML F4W5 37BH M86
Madelene Hastwall,0873 Southridge Point,Jiangpu,CN,FR93 4137 4049 30HN AHNT YKSA J97
Amalie Flannigan,9 Twin Pines Drive,Těšetice,CZ,BH28 TPNV WEEJ CBSP USVH IZ
Fielding Reddish,5337 Mallard Lane,Naili,PH,SE65 2390 5828 2769 2609 4024
Neddie Sauven,15 Meadow Vale Center,Xianlin,CN,GE95 MZ30 4990 5516 2856 64
Verene Adger,9 Del Mar Way,Campraksanta,ID,FR98 0418 0221 68KV LEA3 CR48 091
Irma Mark,594 Mcguire Avenue,Ambulong,PH,FR95 7512 8126 71Y9 RVN4 47AY U59
Joyous Pudsey,8 Forster Hill,Priekulė,LT,FR08 2022 4509 48F2 2Q5F KADE R20
Lizbeth Pease,8014 2nd Street,Thongwa,MM,SK35 5463 8282 0430 8560 5782
Cherrita O'Sheilds,1473 Transport Plaza,Podbrdo,BA,DO98 0AJX 5741 9033 0423 1615 7149
Faye Skocroft,5 Mayfield Center,Consolacion,PH,NL11 UISH 7880 2056 02
Renaud Marsh,26 Sutherland Road,Hayes,JM,CR82 2354 9629 6257 1225 1
Mariam Skones,6756 Vernon Way,Maia,PT,BE62 1679 6586 6149
Sunny Birdseye,2351 Eggendart Parkway,Pagelaran,ID,BH74 QVGS WNIN SMIO FWUP YQ
Eldridge Antoniou,6952 Homewood Court,São Gonçalo do Amarante,BR,LI58 9430 7ZD3 TYBY EXAJ Q
Elvin Plimmer,799 Esker Drive,Oenunu,ID,LT95 4670 6558 0860 7960
Cyndia Hamlyn,481 Redwing Alley,Karnice,PL,LU49 453L 3HLP I5ER K4B8
George McGinney,782 Barby Pass,Rancabungur,ID,DK81 9030 1190 4486 76
Vasilis Rheaume,84444 Annamark Point,Nacka,SE,FR36 6352 2293 79FQ 04RC 0A9L W14
Alyson Zucker,06272 Dixon Place,Chaman,PK,FR15 7502 6351 32OH FJOP SBWF E98
Sinclair Deathridge,51 Twin Pines Drive,Buckland,GB,FR35 3290 4851 30PY HDQD TR27 U64
Ddene Palmer,76 Pond Lane,Taisen-ri,KR,BE38 5563 6608 7902
Charyl Meo,2 Thackeray Center,Kalino,RU,SE35 9270 0735 0557 7890 9111
Elke Jeandin,322 Mifflin Court,Paris 11,FR,FR17 1284 3051 68SN D3XS LXSS U25
Hastie Game,41 Lighthouse Bay Pass,Edéa,CM,AT60 3717 6062 8977 6133
Alic Borres,94 Alpine Center,Ngulakan,ID,MT45 TREF 9509 2ZVV 37DQ MEQC TSUQ 96E
Jeri Melburg,03163 Algoma Place,Farīdpur,BD,FR48 0415 7342 67OG BEFD EOYR J47
Tess Solon,7 Ruskin Park,Puncan,PH,MD80 C0YA YEQD OQQ4 5PTX J7RV
Melita Kemme,2816 Trailsway Parkway,Tazarine,MA,GT08 XFLQ AYN7 CLFS Y0S0 WTQX RKJ8
Delmor Borth,81464 Laurel Junction,Bayonne,FR,FR76 3921 5321 252P T8AS 40CI G50
Malia Lanfear,74 Pond Terrace,Bente,ID,MT96 YTBQ 0859 8LJA HUHG DMGR HUXA ADW
Laurene Jovasevic,330 Waubesa Court,Chartres,FR,FR12 4848 8598 21EA HH3C MTPA T92
Josias Parfitt,39 Hallows Place,Honolulu,US,ME02 9597 3559 6051 9681 00
Rudolfo Hylands,7 Vera Parkway,Szombathely,HU,PK42 MDHG MYH4 OIJO 0O4I J4ZS
Delcina Bravington,310 Bluejay Crossing,Dong’an,CN,SM91 A246 2117 451P NJT5 QC4Y U6P
Lianne Limbrick,87 Barnett Lane,Manaquiri,BR,GR32 4187 682H ICRU PBDG IKGY L01
Kate Tibb,28223 Mayfield Circle,San Juan Bautista,PY,GE51 VS77 3661 5015 7253 17
Staffard Bogies,5560 Cody Plaza,Oele,ID,CH03 7029 9LEM 9KVP UXDX Q
Binky Meconi,2 Stone Corner Lane,Itapicuru,BR,FR39 4655 2471 67KL 1P6W 3VPV 041
Remington Farlow,450 Briar Crest Court,Sulūk,SY,FR43 9890 8942 24FS LCLE HAPN K10
Cary Keuneke,9590 Golf View Hill,Sitampiky,MG,BG46 YXVH 9151 12P2 V5M1 YW
Wilmar Tuplin,40714 Ronald Regan Point,Embu,BR,FR74 6908 2973 26YG BVXN H2MM I87
Anderson Serjeantson,42298 Acker Drive,Cuauhtemoc,MX,GE25 BU48 8564 4661 4638 54
Wang Cristofaro,3 Dorton Way,Novi Zagreb,HR,IS61 7595 5372 1059 5762 1099 57
Portia McFarlan,24838 Packers Terrace,Xibu,CN,MT56 ZLXB 5688 2YNL QGBZ 7IWV UX4U Z0Z
Whitman Fynan,857 Sage Pass,Dodu Dua,ID,GB41 QECY 6072 4927 3989 94
Pip Goghin,79 Arapahoe Hill,San Miguel,PH,LT34 8238 6357 4516 2506
Fredrick Glas,26 Vahlen Lane,Ghanzi,BW,LV70 KANN CRFZ RVRB AVFA D
Cathe Melloy,3294 Harbort Junction,Panunggangan,ID,FR63 9434 9270 35PK YVC1 BQ7N T60
Jeremiah Tort,24 Grasskamp Court,San Bernardo,PH,FR92 9598 4016 06EH AUWQ KB8H V10
Benedicto Ekins,2 Anniversary Point,Naka,JP,BG37 ZLKD 0585 33VN BGHQ TZ
Everard Breakey,0677 Merry Lane,Quintãs,PT,MK06 988G 8CZP VG8I N54
Kaleb MacKellen,577 Talmadge Center,Karangtawar,ID,BE14 4157 3470 3119
Adorne Pott,6548 Thackeray Circle,Silae,PH,FR52 3513 2547 41RP 98NE PLM5 B63
Adan Shergold,58 Mandrake Crossing,Ghāro,PK,LT04 1332 1737 4778 6482
Rebekah Gilbard,811 Hovde Park,Torrance,US,AZ02 DUOY JCWW QQYX SRFH SXBF AO4D
Cordie Lyttle,6663 Macpherson Park,Ermida,PT,FR57 8742 9278 46YK HYO8 BOYD 491
Glynis Najara,694 Straubel Court,Sorinomo,ID,TR37 5475 9OOJ 2BUT 8ZRP K69J KG
Christal Maddocks,8993 Johnson Crossing,Derzhavīnsk,KZ,FR79 5230 6966 71UN 4MSR LWWV 858
Les Geibel,2670 Butterfield Street,Marttila,FI,FR31 3914 4354 733H 3NZR QNME N89
Perkin Fillgate,34501 Ryan Pass,Pampachiri,PE,LB94 8158 LCLD UXVC AV1I 5PDU SAE1
Maximilien Henryson,3525 Miller Way,Alcalá,CO,BE77 5813 5004 3617
Gerrard Reames,98 Novick Hill,Beisijia,CN,FR25 5506 6161 41YB RKEK VOHV S20
Ursuline Philipps,0929 Forest Trail,Baixi,CN,CH80 8073 3IWK SMGN IU56 L
Araldo Dikelin,29227 Eagan Plaza,Teresa,PH,GR20 1682 598W HAPG OY1E SDBP PIC
Nicola Pardew,4229 Maple Trail,Dār an Naşr,YE,LV77 ZGOV OOXQ SA4F VEKN 2
Douglas Coltan,2 Westridge Way,Sala,SE,IL97 5809 0519 5065 7905 823
Kristan Cancutt,067 Melody Pass,Dębe Wielkie,PL,IE12 FMUC 1261 5846 0235 38
Dorotea Watters,85024 Eastwood Street,Pataruman,ID,LI90 8664 0GUR HF6N RN5Y Q
Mina O'Mullaney,59 Jenna Street,Makubetsu,JP,GI02 NSVZ 26AP VNOB HPIJ 4SG
Dell Chatelet,96458 Northland Hill,Debre Tabor,ET,FR79 4725 8790 51UB KHPY UXA5 N65
Polly Tomsa,82133 Westerfield Plaza,Puhja,EE,FR11 7299 9683 50QF J09B UZHM Z01
Maryjo Aronoff,13535 Autumn Leaf Crossing,Shamkhor,AZ,FR62 5447 6898 73F3 JHMG C3D5 E35
Kanya Knellen,4 Golf View Crossing,Rixinhe,CN,IT44 H695 9671 311T 6XHV DC1C FNF
Dacia Focke,13 Bayside Way,Wendo,ET,IS45 1580 7721 1573 4164 9617 69
Honey Scogin,44 Fair Oaks Point,Kuncen,ID,PT16 2382 1100 4260 1688 8532 9
Jobey Salt,991 Clarendon Circle,Mchinji,MW,EE81 8676 1618 1653 1002
Marv Snazle,2 Oneill Avenue,Pinrang,ID,SI69 3087 6585 6851 410
Christen Challenger,25 Sage Center,Nueva Helvecia,UY,CH64 0968 9TGY PQG0 SDQM O
Leeland Patron,0167 Mariners Cove Hill,Wucun,CN,SA06 12KW GSAK R0WG 417T Y55I
Waldo O'Donovan,29 Walton Center,Tallbīsah,SY,FR88 4258 9605 19IS EJSQ Q11T T41
Jean Daugherty,3 Lawn Center,Momil,CO,RS30 6406 3979 5083 1945 71
Toby Ruthen,685 Glendale Center,Bestala,ID,MK18 274G WMSS GS5B X59
Filippo Raoul,940 Westridge Court,Gambo,CF,FR35 2820 7686 38K0 JNO1 D1SY K37
Joshuah d' Eye,1891 Kropf Park,Jaguaribe,BR,MK03 364Z 1ZBB BKVM S46
Gabriela Steggals,0 Knutson Trail,Cipolletti,AR,FR17 5497 1843 92UW DHJI XBTI F51
Gothart Tarquini,9439 Montana Point,Sōja,JP,PK04 ZBAY GECH IZGB 8CXW CTDI
Bren Haycroft,75 Toban Point,Abaeté,BR,FR69 0866 0371 54LJ 34N7 9UJN V09
Barny Justham,4 Lakewood Gardens Alley,Yanyang,CN,FR73 0370 5856 75TT 2ONM PKSZ R84
Perice Tumelty,32952 Michigan Parkway,Librazhd,AL,FR02 1211 3808 46TP BXPL AASZ M88
Bryn Wallington,9 Cascade Crossing,Igarra,NG,NO61 6385 0925 032
Alix Burd,44286 Sommers Junction,Azacualpa,HN,PT19 0480 4721 0518 1730 2094 7
Claribel Bortolozzi,49 Mitchell Pass,Semey,KZ,CR26 7543 2420 9446 8984 8
Griff Liston,43 Dunning Parkway,Sojo,PE,PT43 2399 2728 2611 4927 3036 1
Dani Gummow,6698 Golf Course Pass,Perfilovo,RU,HR82 9243 2142 2244 6531 5
Rafaelia Buckel,1898 Del Sol Junction,Bagu,ID,AE70 4386 4291 0695 4147 064
Penelopa Manus,7 Thierer Point,Imatra,FI,PL73 9611 6361 4874 8071 0135 3762
Melanie Stannard,98 Erie Court,Nicoya,CR,NO61 4539 1455 365
Othelia Lattey,1416 Maryland Junction,Zeerust,ZA,PT88 1905 3823 3934 8843 8843 6
Helge Muress,2079 Dixon Trail,Thāru Shāh,PK,MK19 863W NHIL HX3Z 978
Alonso Dongles,36 Village Alley,Visoko,BA,LT31 1187 6681 8734 0777
Nara Fairebrother,30691 Derek Street,Madur,ID,MK06 174Q LW9S ZZGR S97
Tamara Cammiemile,73 Moland Crossing,Jackson,US,BH53 OBLS XTFQ N6WN EVI5 DI
Lenna Chillingworth,18348 Northview Pass,Hefu,CN,LU40 639O 0EJS 9Q5D ACVK
Karine Haith,69 Portage Lane,Maoshan,CN,VG50 RKIE 0126 3126 3573 2223
Debbi Roscher,19 Tony Point,Mercier,CA,BG83 FHQX 5457 06JE GHG4 YW
Fidelity Duling,58428 Maryland Point,Torbat-e Jām,IR,MT35 XPPK 4070 4Y1Z RUGL JVRS YZGR 1XC
Kristofer Genese,2784 Nova Street,Dióni,GR,PL84 7436 7306 7220 7731 2399 7290
Averil Bosworth,7233 Tony Place,Ojo de Agua,MX,MU97 SBZI 1363 6797 4921 0201 132W ZS
Doe Watling,5530 Iowa Crossing,Alavieska,FI,MD07 SDBF ZBIT EYRU PGNA BKYX
Adelheid Brimmacombe,89369 Havey Point,Ainaži,LV,BG45 WTSI 2476 32DO KFJR TR
Tiphani Willeman,27016 Autumn Leaf Avenue,Korfovskiy,RU,FR21 2441 9284 019F DMQH IOTQ J92
Carlina Dalman,5 Eagle Crest Plaza,Hanfeng,CN,CH40 1538 7PER R0JX MG6B X
Kaitlynn Gaddes,78836 Mandrake Drive,Albuquerque,US,ES90 0020 4635 1191 2049 5131
Aryn Ayree,4 Briar Crest Pass,Osiek nad Notecią,PL,MT26 HNXN 3366 9ETX FDU8 CVRV LBR0 ANE
Joell de Werk,407 Drewry Terrace,Dachang,CN,GB78 AVJS 7082 9602 7088 01
Burch Rosin,2 Anhalt Park,Cicurug,ID,MD11 TRJ0 SR6G JUZZ LBMP QT0P
Delia Aitchinson,06 Mcguire Circle,Baćkowice,PL,DE32 2155 4860 0240 4254 82
Cornell Caslake,1089 Saint Paul Hill,Lebak,ID,FO44 6425 1946 0811 23
Angele Gilardi,56 Anderson Hill,Miasskoye,RU,GL77 0204 7320 3275 60
Parker Ogelbe,61796 Fieldstone Crossing,Siumate,ID,TN80 1340 2994 7012 2823 5141
Nissa McBayne,4260 Pond Alley,Shuangquan,CN,FR55 8462 2623 75TQ L47K RIBI 873
Robbie Fairnington,41 Sachs Crossing,Saint John’s,AG,PS23 INJX TLO3 9E7H FWWF XCJC LXDZ N
Matias Saunton,7992 Ilene Circle,Kuta,NG,TN23 8350 5872 2301 5593 9736
Jennifer Coope,255 International Alley,Gongfang,CN,DE34 5196 2061 8624 5623 77
Blanca Ollet,9262 Pennsylvania Drive,Campo Maior,BR,GI24 BJCM V1XN AVP6 QTUG RSJ
Elwira Habbergham,7 Maryland Pass,Selat,ID,BR44 0017 7506 8130 1870 2415 262L F
Darn Instone,6942 Brickson Park Circle,Arlington,US,FR25 2308 2195 22J5 MNF0 99Z5 793
Cybill Kenwrick,2872 Stuart Circle,Monção,PT,MT55 NSST 2229 6YTQ MPD6 ARHA YP4N YSH
Elisa Bellerby,6518 Corben Road,Lazaro Cardenas,MX,BA48 6163 9393 3964 3502
Marys Beslier,594 Heffernan Plaza,Choropampa,PE,NL32 WCMB 4142 2856 95
Tish Blincow,95 Gateway Avenue,Nieszawa,PL,EE86 0204 2702 5590 4164
Donn Vearnals,78 Bluestem Hill,Taquarituba,BR,FR82 8157 6024 32NS 7KN6 3O8A X74
Nolie Harcombe,0406 Springs Trail,Caála,AO,FR90 5307 5398 245F N3ZZ BTS8 479
Hewitt Maken,4 Forest Run Park,Idtig,PH,FI88 6954 7889 7562 15
Susann Murty,782 Bellgrove Parkway,Tucson,US,RO87 TWCC 5ISH PCTC RGJD 0F4S
Lem Marieton,1814 Sugar Point,Ban Fang,TH,BH14 PZIA QRFG KEHO J6DG TC
Binny Butters,7 Jackson Park,Muleba,TZ,LU71 824G V7QU RAOO 5WVB
Bentley Guitt,33631 Wayridge Lane,Malonty,CZ,IT81 K709 6330 5025 HYWR RSTV ALB
Corney Beedom,1800 Bayside Lane,Vysoké nad Jizerou,CZ,FR70 1269 8033 8838 ANEQ 3KPD 180
Arte Sterrie,050 Maple Wood Terrace,Ribeiro,PT,EE51 6266 4504 7363 1301
Raymond Collihole,131 Scofield Court,Virden,CA,BE85 0776 6135 3300
Rheta Jordan,0 Little Fleur Center,Piraí do Sul,BR,FR39 7387 6701 304X I0D1 Q3SE X94
Carlin Whitlaw,11 Oakridge Junction,Ciparay,ID,FR38 6924 0985 73LM IEUH KREV D95
Rainer Fancott,6 Thompson Junction,Callahuanca,PE,EE49 7866 0858 2047 5614
Aymer Nilles,6 Pepper Wood Place,Bangxi,CN,HU93 1221 9463 5871 7400 1406 1872
Thibaud Ughelli,735 Upham Drive,Jacareí,BR,FR23 6190 6852 49FA Y3EN 4DXC K77
Shaylah Barnes,5567 Schurz Terrace,Hořice,CZ,MR55 5875 7301 7200 1806 2270 417
Jule Seath,57304 Buhler Drive,Xinzhai,CN,MC68 4839 6751 953H KWCT HNZK Q23
Chaddy MacCallam,8 5th Drive,Kuangsan,ID,SE80 4019 4947 1148 3148 3319
Veronica Eversley,29569 Golden Leaf Parkway,Tía Juana,VE,DE67 9738 7640 2059 5182 69
Tymothy Sleeford,3583 Lien Crossing,Dongting,CN,GI61 UPFK TENI JIC9 K129 ICD
Merrick Cripps,6 Ruskin Plaza,Smečno,CZ,MT61 WUDX 8260 0WEK T7NE FJYG FPCE VZQ
Hildagarde Trevance,768 Schlimgen Place,Söderköping,SE,GB48 RJEU 3666 5686 0152 04
Padraic Measor,4208 Oxford Court,Almere Haven,NL,SA11 07DT SBZJ MUF6 WUVO NXMY
Waite Hassewell,2787 Thompson Point,Jalālpur Pīrwāla,PK,FR20 0680 9977 80Y7 JDR7 YXQS P22
Angie Budgen,63190 Springview Lane,Borovany,CZ,BH27 KYPO AUAQ HSWI HD3Q MI
Worth Ponsford,942 Nelson Center,Maskinongé,CA,KZ07 027L UJHS 3YPH T3PR
Lammond Baldelli,5 Maywood Point,Majennang,ID,AZ78 JJHS XGQ2 Q3QD SBZY GZND KKOE
Mark Mumbey,648 Florence Crossing,Telheira,PT,FR64 0254 5944 43C9 GSBO 6GAD I97
Lelah Athey,03 Monterey Center,Xinhua,CN,DK14 7925 3391 7648 94
Zackariah Inglish,22690 Crownhardt Place,Ongandjera,NA,FR66 4487 9206 18EB DTEW TMD0 N52
Abagail Fargie,6 Judy Hill,Mamara,PE,NO50 9052 9564 573
Archibaldo Antognazzi,2304 Sauthoff Trail,Kabanga,TZ,AE73 7317 1378 3859 4729 437
Ottilie Aiton,2 Arrowood Way,Jianshe,CN,LT54 5744 8861 6727 6555
Nert MacAlpine,51232 Vahlen Hill,Lisia Góra,PL,MC73 4644 9478 167P EART AB2S T21
Joel Barmadier,56911 Beilfuss Place,Jishui,CN,GL15 8744 6666 5944 58
Ilise Snalham,2789 Colorado Lane,Cergy-Pontoise,FR,AE11 8217 1555 3622 6555 418
Phebe Heersma,66 Oriole Center,Mangseng,ID,DK07 3979 0195 4602 41
Stan Debney,74778 Lyons Circle,Marína,GR,PL74 8573 1931 4450 3181 5304 3267
Valera Bilovsky,78432 Red Cloud Way,Bagan,RU,FR94 3196 2089 27D2 A4K1 19HS K43
Blakeley Broadwell,5 Stang Terrace,Tha Bo,TH,AD17 0587 2723 T238 JWFR SLKI
Annette Essame,809 Farragut Place,Memphis,US,MR58 3052 4906 4416 4394 8130 000
Vania Duny,986 Fulton Crossing,Severnyy,RU,AL16 3036 6223 ZMXZ D6GP P9B4 U1CE
Wain Vedyashkin,78786 Ridgeway Street,Pulau Pinang,MY,NL30 RFEO 1080 5863 75
Fulvia Measor,785 Merrick Park,Huangzhawan,CN,IT52 N307 3745 388Q 8XZJ 2OU3 PKC
Chrotoem Golder,71321 Novick Circle,Bystré,CZ,MU82 ELNC 5313 3464 4808 8665 817U LI
Erastus Drohan,033 Miller Road,Rubizhne,UA,DO36 ITA5 6417 5171 8633 7954 7997
Elmore Iggalden,7045 Clyde Gallagher Terrace,Rožďalovice,CZ,FR20 9144 6607 32PN H120 6JTY M24
Sonnie Willishire,23130 Pawling Terrace,Hlyboka,UA,BA04 6432 0813 7023 2185
Mildrid Trussman,8186 Waywood Point,Liujiagou,CN,FO46 7320 0417 3652 47
Zsazsa Eagell,62570 Lotheville Drive,Dimovo,BG,GR19 0780 840P TWTJ IKUB 9SLX 5EU
Babita McCritichie,3610 Prairie Rose Crossing,Itaquyry,PY,CY75 5287 3661 CUI7 A1GV SGCW XAHN
Olenolin Heigl,558 School Way,Langxi,CN,DO93 IPF3 6317 0953 8241 0344 2000
Jacinta Davenhill,151 Tennessee Crossing,Lubomierz,PL,PL45 4945 9790 4296 9506 1842 5435
Babs Abrashkov,54 Monterey Avenue,Beipai,CN,SA74 954B 39QQ V01G XL66 HG00
Bell Gourley,14877 Fair Oaks Center,Phu Kam Yao,TH,LV07 QWSE BJF0 3IFQ PGB7 W
Dal Athy,418 Melody Place,Lugovoy,KZ,LT89 7071 1579 4057 0741
Herculie Zeale,8 Pierstorff Center,Nārang,PK,AD83 7289 9052 9CLV 0BAV M5QB
Ashely Dinsey,904 Veith Street,Brunflo,SE,HU67 0176 1889 9035 1601 3171 1014
Guinevere Hoyes,76027 Division Road,Basa,PH,PS53 BXAU CJSC ODJM BMFQ B84I 8PRD Q
Bernete Houlden,8756 Butternut Drive,Bom Sucesso,PT,IT76 X189 9207 5037 CEUA WMYP TKU
Gussy Davidovics,0 Oneill Road,Ngroto,ID,SE25 9693 8662 6067 5254 9290
Raynell Pendrid,8 Corscot Trail,Khóra,GR,FR77 3544 9441 69FA UTXQ LX3T H43
Windham Labin,78451 Steensland Trail,Opatovice nad Labem,CZ,TR72 4415 3BUE A5G6 Z6FH T8DW 5A
Calla Helliwell,427 Dayton Terrace,Ciudad Cortés,CR,DE65 6458 7907 9974 1697 01
Sheree McGinnell,47314 Killdeer Trail,Capitán Bado,PY,KW79 WVLN 7FGB CQTH SFAB M6ZG BGRR 7F
Currie Maingot,8697 Oak Valley Place,Vysokovsk,RU,RS62 5836 6849 8095 1600 70
Ashlin Reaman,3613 Hintze Place,Kokterek,KZ,DE70 2502 3459 5886 5777 24
Meredeth Dorrell,200 Pawling Circle,Wangzuo,CN,NL19 IQOU 4155 8340 81
Christoforo MacCarter,906 4th Alley,Kupiskis,LT,AT84 0870 3021 3657 6528
Clemente Poone,68357 Erie Street,Épinal,FR,IS73 2424 7610 2433 4639 9643 31
Harrie Dedman,87 Bay Plaza,Lesnoy,RU,FR70 3308 0132 34OV U6MQ CBJS R93
Joscelin Gosse,13 Rockefeller Point,Mellila,MA,LI02 4733 1MY4 4IIB INYI V
Kariotta MacCrossan,9996 Oriole Alley,Wendengying,CN,DK41 6653 1893 8249 87
Silvia Barbey,9206 Valley Edge Trail,Krouna,CZ,BH24 YOHA M0SR T4DR SCVM LA
Lorant Mathwen,3 Continental Trail,Changgai,CN,MR05 9464 8509 7269 4889 8925 079
Karlene Langcastle,94341 Mcbride Court,Periyiáli,GR,FR86 1519 3255 471V ALZE JFXL Y04
Darin Maharg,18222 Sunfield Drive,Huangben,CN,MU14 HOMG 9887 2853 8816 7961 716B LX
Blondelle Delacoste,3267 Vahlen Hill,Chongjin,KP,DK82 4502 1803 3939 22
Rose Klaffs,87662 Manitowish Park,Huoshaoping,CN,LV22 XJOP ZKYL QNY8 ZS9G H
Serene Alexandersson,80780 Grayhawk Trail,Laslovo,HR,SA87 26IB BMLB LJHG JKR5 8T9F
